countyFIPS,County,State,Cases,population,Mortality
1001,Autauga,AL,651,55869,13
1003,Baldwin,AL,1056,223234,10
1005,Barbour,AL,366,24686,2
1007,Bibb,AL,201,22394,1
1009,Blount,AL,262,57826,1
1011,Bullock,AL,374,10101,11
1013,Butler,AL,639,19448,28
1015,Calhoun,AL,411,113605,5
1017,Chambers,AL,660,33254,27
1019,Cherokee,AL,114,26196,7
1021,Chilton,AL,284,44428,3
1023,Choctaw,AL,200,12589,12
1025,Clarke,AL,288,23622,6
1027,Clay,AL,69,13235,2
1029,Cleburne,AL,39,14910,1
1031,Coffee,AL,397,52342,3
1033,Colbert,AL,451,55241,6
1035,Conecuh,AL,220,12067,7
1037,Coosa,AL,60,10663,1
1039,Covington,AL,390,37049,11
1041,Crenshaw,AL,129,13772,3
1043,Cullman,AL,500,83768,5
1045,Dale,AL,329,49172,1
1047,Dallas,AL,926,37196,9
1049,DeKalb,AL,800,71513,5
1051,Elmore,AL,989,81209,19
1053,Escambia,AL,435,36633,8
1055,Etowah,AL,845,102268,13
1057,Fayette,AL,75,16302,1
1059,Franklin,AL,911,31362,16
1061,Geneva,AL,86,26271,0
1063,Greene,AL,188,8111,8
1065,Hale,AL,322,14651,22
1067,Henry,AL,141,17205,4
1069,Houston,AL,551,105882,8
1071,Jackson,AL,347,51626,3
1073,Jefferson,AL,5741,658573,163
1075,Lamar,AL,81,13805,1
1077,Lauderdale,AL,517,92729,6
1079,Lawrence,AL,116,32924,0
1081,Lee,AL,1491,164542,38
1083,Limestone,AL,530,98915,1
1085,Lowndes,AL,483,9726,24
1087,Macon,AL,206,18068,9
1089,Madison,AL,1646,372909,9
1091,Marengo,AL,322,18863,11
1093,Marion,AL,245,29709,14
1095,Marshall,AL,1826,96774,11
1097,Mobile,AL,4339,413210,140
1099,Monroe,AL,246,20733,3
1101,Montgomery,AL,4321,226486,111
1103,Morgan,AL,1171,119679,5
1105,Perry,AL,179,8923,1
1107,Pickens,AL,247,19930,6
1109,Pike,AL,458,33114,5
1111,Randolph,AL,230,22722,9
1113,Russell,AL,595,57961,0
1115,St. Clair,AL,452,89512,2
1117,Shelby,AL,1434,217702,24
1119,Sumter,AL,286,12427,12
1121,Talladega,AL,342,79978,8
1123,Tallapoosa,AL,614,40367,70
1125,Tuscaloosa,AL,2405,209355,50
1127,Walker,AL,1031,63521,25
1129,Washington,AL,124,16326,7
1131,Wilcox,AL,297,10373,8
1133,Winston,AL,281,23629,3
2013,Aleutians East Borough,AK,0,3337,0
2016,Aleutians West Census Area,AK,0,5634,0
2020,Municipality of Anchorage,AK,597,288000,6
2050,Bethel Census Area,AK,6,18386,0
2060,Bristol Bay Borough,AK,0,836,0
2068,Denali Borough,AK,0,2097,0
2070,Dillingham Census Area,AK,0,4916,0
2090,Fairbanks North Star Borough,AK,177,96849,2
2100,Haines Borough,AK,2,2530,0
2105,Hoonah-Angoon Census Area,AK,0,2148,0
2110,City and Borough of Juneau,AK,46,31974,0
2122,Kenai Peninsula Borough,AK,175,58708,2
2130,Ketchikan Gateway Borough,AK,21,13901,0
2150,Kodiak Island Borough,AK,3,12998,0
2158,Kusilvak Census Area,AK,0,8314,0
2164,Lake and Peninsula Borough,AK,0,1592,0
2170,Matanuska-Susitna Borough,AK,121,108317,1
2180,Nome Census Area,AK,5,10004,0
2185,North Slope Borough,AK,4,9832,0
2188,Northwest Arctic Borough,AK,4,7621,0
2195,Petersburg Census Area,AK,4,3266,1
2198,Prince of Wales-Hyder Census Area,AK,2,6203,0
2220,Sitka City and Borough,AK,11,8493,0
2230,Skagway Municipality,AK,0,1183,0
2240,Southeast Fairbanks Census Area,AK,3,6893,0
2261,Valdez-Cordova Census Area,AK,0,9202,0
2275,Wrangell City and Borough,AK,3,2502,0
2282,Yakutat City and Borough,AK,0,579,0
2290,Yukon-Koyukuk Census Area,AK,2,5230,0
4001,Apache,AZ,2499,71887,100
4003,Cochise,AZ,884,125922,20
4005,Coconino,AZ,2250,143476,97
4007,Gila,AZ,373,54018,9
4009,Graham,AZ,179,38837,2
4011,Greenlee,AZ,26,9498,1
4012,La Paz,AZ,381,21108,7
4013,Maricopa,AZ,70128,4485414,959
4015,Mohave,AZ,1509,212181,94
4017,Navajo,AZ,4089,110924,135
4019,Pima,AZ,10485,1047279,302
4021,Pinal,AZ,4959,462789,81
4023,Santa Cruz,AZ,2061,46498,27
4025,Yavapai,AZ,1016,235099,11
4027,Yuma,AZ,7775,213787,118
5001,Arkansas,AR,46,17486,0
5003,Ashley,AR,83,19657,2
5005,Baxter,AR,25,41932,0
5007,Benton,AR,3164,279141,21
5009,Boone,AR,30,37432,1
5011,Bradley,AR,56,10763,2
5013,Calhoun,AR,2,5189,0
5015,Carroll,AR,200,28380,5
5017,Chicot,AR,189,10118,3
5019,Clark,AR,61,22320,0
5021,Clay,AR,73,14551,3
5023,Cleburne,AR,119,24919,4
5025,Cleveland,AR,31,7956,0
5027,Columbia,AR,100,23457,4
5029,Conway,AR,82,20846,3
5031,Craighead,AR,498,110332,7
5033,Crawford,AR,227,63257,1
5035,Crittenden,AR,799,47955,13
5037,Cross,AR,90,16419,1
5039,Dallas,AR,11,7009,0
5041,Desha,AR,66,11361,1
5043,Drew,AR,80,18219,2
5045,Faulkner,AR,648,126007,3
5047,Franklin,AR,27,17715,1
5049,Fulton,AR,16,12477,0
5051,Garland,AR,300,99386,2
5053,Grant,AR,51,18265,0
5055,Greene,AR,134,45325,0
5057,Hempstead,AR,69,21532,1
5059,Hot Spring,AR,649,33771,1
5061,Howard,AR,115,13202,1
5063,Independence,AR,61,37825,0
5065,Izard,AR,24,13629,1
5067,Jackson,AR,37,16719,0
5069,Jefferson,AR,784,66824,28
5071,Johnson,AR,307,26578,0
5073,Lafayette,AR,23,6624,2
5075,Lawrence,AR,107,16406,9
5077,Lee,AR,815,8857,3
5079,Lincoln,AR,1044,13024,11
5081,Little River,AR,40,12259,0
5083,Logan,AR,64,21466,0
5085,Lonoke,AR,180,73309,1
5087,Madison,AR,214,16576,0
5089,Marion,AR,12,16694,0
5091,Miller,AR,233,43257,2
5093,Mississippi,AR,265,40651,3
5095,Monroe,AR,17,6701,0
5097,Montgomery,AR,7,8986,0
5099,Nevada,AR,106,8252,3
5101,Newton,AR,7,7753,0
5103,Ouachita,AR,28,23382,0
5105,Perry,AR,32,10455,0
5107,Phillips,AR,160,17782,5
5109,Pike,AR,12,10718,0
5111,Poinsett,AR,64,23528,3
5113,Polk,AR,81,19964,0
5115,Pope,AR,562,64072,4
5117,Prairie,AR,25,8062,0
5119,Pulaski,AR,2611,391911,62
5121,Randolph,AR,59,17958,1
5123,St. Francis,AR,894,24994,3
5125,Saline,AR,399,122437,3
5127,Scott,AR,14,10281,0
5129,Searcy,AR,13,7881,0
5131,Sebastian,AR,649,127827,7
5133,Sevier,AR,769,17007,9
5135,Sharp,AR,58,17442,5
5137,Stone,AR,19,12506,1
5139,Union,AR,264,38682,13
5141,Van Buren,AR,36,16545,2
5143,Washington,AR,4266,239187,35
5145,White,AR,107,78753,2
5147,Woodruff,AR,8,6320,0
5149,Yell,AR,783,21341,5
6001,Alameda,CA,7245,1671329,142
6003,Alpine,CA,2,1129,0
6005,Amador,CA,35,39752,0
6007,Butte,CA,295,219186,4
6009,Calaveras,CA,42,45905,0
6011,Colusa,CA,98,21547,0
6013,Contra Costa,CA,4241,1153526,86
6015,Del Norte,CA,58,27812,0
6017,El Dorado,CA,264,192843,0
6019,Fresno,CA,6924,999101,81
6021,Glenn,CA,153,28393,0
6023,Humboldt,CA,157,135558,4
6025,Imperial,CA,7464,181215,125
6027,Inyo,CA,34,18039,1
6029,Kern,CA,5759,900202,87
6031,Kings,CA,2755,152940,37
6033,Lake,CA,100,64386,1
6035,Lassen,CA,40,30573,1
6037,Los Angeles,CA,123004,10039107,3642
6039,Madera,CA,857,157327,8
6041,Marin,CA,2901,258826,23
6043,Mariposa,CA,31,17203,1
6045,Mendocino,CA,98,86749,0
6047,Merced,CA,1702,277680,12
6049,Modoc,CA,0,8841,0
6051,Mono,CA,48,14444,1
6053,Monterey,CA,2270,434061,17
6055,Napa,CA,453,137744,4
6057,Nevada,CA,155,99755,1
6059,Orange,CA,20225,3175692,376
6061,Placer,CA,970,398329,11
6063,Plumas,CA,10,18807,0
6065,Riverside,CA,21957,2470546,515
6067,Sacramento,CA,4776,1552058,78
6069,San Benito,CA,304,62808,2
6071,San Bernardino,CA,16586,2180085,293
6073,San Diego,CA,17842,3338330,406
6075,San Francisco,CA,4071,881549,50
6077,San Joaquin,CA,5817,762148,61
6079,San Luis Obispo,CA,845,283111,3
6081,San Mateo,CA,3743,766573,111
6083,Santa Barbara,CA,3808,446499,29
6085,Santa Clara,CA,5552,1927852,165
6087,Santa Cruz,CA,503,273213,3
6089,Shasta,CA,171,180080,5
6091,Sierra,CA,1,3005,0
6093,Siskiyou,CA,33,43539,0
6095,Solano,CA,1922,447643,27
6097,Sonoma,CA,1487,494336,14
6099,Stanislaus,CA,3004,550660,50
6101,Sutter,CA,302,96971,4
6103,Tehama,CA,98,65084,1
6105,Trinity,CA,2,12285,0
6107,Tulare,CA,5298,466195,148
6109,Tuolumne,CA,58,54478,0
6111,Ventura,CA,3858,846006,50
6113,Yolo,CA,760,220500,28
6115,Yuba,CA,147,78668,2
8001,Adams,CO,4546,517421,156
8003,Alamosa,CO,203,16233,6
8005,Arapahoe,CO,5459,656590,347
8007,Archuleta,CO,12,14029,0
8009,Baca,CO,14,3581,0
8011,Bent,CO,4,5577,0
8013,Boulder,CO,1466,326196,72
8014,Broomfield and City,CO,324,70465,30
8015,Chaffee,CO,81,20356,19
8017,Cheyenne,CO,5,1831,0
8019,Clear Creek,CO,21,9700,1
8021,Conejos,CO,15,8205,0
8023,Costilla,CO,22,3887,0
8025,Crowley,CO,71,6061,1
8027,Custer,CO,3,5068,0
8029,Delta,CO,84,31162,1
8031,Denver,CO,7563,727211,387
8033,Dolores,CO,0,2055,0
8035,Douglas,CO,1056,351154,52
8037,Eagle,CO,732,55127,8
8039,Elbert,CO,60,26729,2
8041,El Paso,CO,2751,720403,109
8043,Fremont,CO,41,47839,0
8045,Garfield,CO,339,60061,3
8047,Gilpin,CO,8,6243,0
8049,Grand,CO,23,15734,1
8051,Gunnison,CO,190,17462,6
8053,Hinsdale,CO,3,820,0
8055,Huerfano,CO,4,6897,1
8057,Jackson,CO,2,1392,0
8059,Jefferson,CO,2887,582881,214
8061,Kiowa,CO,0,1406,0
8063,Kit Carson,CO,35,7097,3
8065,Lake,CO,52,8127,0
8067,La Plata,CO,130,56221,1
8069,Larimer,CO,843,356899,30
8071,Las Animas,CO,9,14506,0
8073,Lincoln,CO,4,5701,0
8075,Logan,CO,640,22409,5
8077,Mesa,CO,125,154210,0
8079,Mineral,CO,14,769,0
8081,Moffat,CO,13,13283,0
8083,Montezuma,CO,75,26183,3
8085,Montrose,CO,213,42758,12
8087,Morgan,CO,655,29068,46
8089,Otero,CO,22,18278,1
8091,Ouray,CO,12,4952,1
8093,Park,CO,32,18845,0
8095,Phillips,CO,16,4265,0
8097,Pitkin,CO,111,17767,2
8099,Prowers,CO,32,12172,0
8101,Pueblo,CO,416,168424,30
8103,Rio Blanco,CO,4,6324,0
8105,Rio Grande,CO,80,11267,2
8107,Routt,CO,79,25638,6
8109,Saguache,CO,103,6824,2
8111,San Juan,CO,2,728,0
8113,San Miguel,CO,41,8179,0
8115,Sedgwick,CO,0,2248,0
8117,Summit,CO,288,31011,4
8119,Teller,CO,52,25388,2
8121,Washington,CO,46,4908,0
8123,Weld,CO,2912,324492,138
8125,Yuma,CO,54,10019,0
9001,Fairfield,CT,16859,943332,1378
9003,Hartford,CT,11835,891720,1382
9005,Litchfield,CT,1509,180333,137
9007,Middlesex,CT,1331,162436,187
9009,New Haven,CT,12486,854757,1079
9011,New London,CT,1308,265206,102
9013,Tolland,CT,926,150721,64
9015,Windham,CT,626,116782,14
10001,Kent,DE,1790,180786,92
10003,New Castle,DE,5583,558753,248
10005,Sussex,DE,4988,234225,175
11001,Washington,DC,10642,705749,564
12001,Alachua,FL,1792,269043,12
12003,Baker,FL,120,29210,4
12005,Bay,FL,880,174705,5
12007,Bradford,FL,105,28201,2
12009,Brevard,FL,2812,601942,20
12011,Broward,FL,23781,1952778,419
12013,Calhoun,FL,106,14105,6
12015,Charlotte,FL,974,188910,77
12017,Citrus,FL,457,149657,13
12019,Clay,FL,1158,219252,34
12021,Collier,FL,5433,384902,85
12023,Columbia,FL,392,71686,4
12027,DeSoto,FL,775,38001,10
12029,Dixie,FL,90,16826,4
12031,Duval,FL,10439,957755,70
12033,Escambia,FL,3188,318316,51
12035,Flagler,FL,424,115081,5
12037,Franklin,FL,19,12125,0
12039,Gadsden,FL,481,45660,7
12041,Gilchrist,FL,124,18582,0
12043,Glades,FL,189,13811,1
12045,Gulf,FL,59,13639,0
12047,Hamilton,FL,405,14428,2
12049,Hardee,FL,536,26937,3
12051,Hendry,FL,1129,42022,27
12053,Hernando,FL,659,193920,6
12055,Highlands,FL,457,106221,12
12057,Hillsborough,FL,16099,1471968,163
12059,Holmes,FL,207,19617,0
12061,Indian River,FL,992,159923,17
12063,Jackson,FL,504,46414,2
12065,Jefferson,FL,69,14246,4
12067,Lafayette,FL,48,8422,0
12069,Lake,FL,2087,367118,25
12071,Lee,FL,8125,770577,171
12073,Leon,FL,1955,293582,8
12075,Levy,FL,225,41503,1
12077,Liberty,FL,249,8354,1
12079,Madison,FL,273,18493,4
12081,Manatee,FL,4080,403253,135
12083,Marion,FL,1111,365579,12
12085,Martin,FL,2503,161000,34
12086,Miami-Dade,FL,53974,2716940,1068
12087,Monroe,FL,427,74228,6
12089,Nassau,FL,375,88625,2
12091,Okaloosa,FL,969,210738,9
12093,Okeechobee,FL,452,42168,0
12095,Orange,FL,15194,1393452,63
12097,Osceola,FL,3302,375751,30
12099,Palm Beach,FL,18231,1496770,569
12101,Pasco,FL,3193,553947,26
12103,Pinellas,FL,9395,974996,209
12105,Polk,FL,5895,724777,122
12107,Putnam,FL,593,74521,6
12109,St. Johns,FL,1517,264672,9
12111,St. Lucie,FL,2433,328297,59
12113,Santa Rosa,FL,993,184313,10
12115,Sarasota,FL,2334,433742,98
12117,Seminole,FL,3652,471826,20
12119,Sumter,FL,516,132420,18
12121,Suwannee,FL,673,44417,21
12123,Taylor,FL,109,21569,1
12125,Union,FL,99,15237,2
12127,Volusia,FL,3070,553284,62
12129,Wakulla,FL,94,33739,1
12131,Walton,FL,395,74071,9
12133,Washington,FL,136,25473,13
13001,Appling,GA,309,18386,14
13003,Atkinson,GA,179,8165,2
13005,Bacon,GA,287,11164,5
13007,Baker,GA,43,3038,3
13009,Baldwin,GA,616,44890,34
13011,Banks,GA,146,19234,1
13013,Barrow,GA,574,83240,25
13015,Bartow,GA,843,107738,42
13017,Ben Hill,GA,199,16700,1
13019,Berrien,GA,155,19397,0
13021,Bibb,GA,1497,153159,41
13023,Bleckley,GA,81,12873,1
13025,Brantley,GA,121,19109,3
13027,Brooks,GA,203,15457,11
13029,Bryan,GA,201,39627,5
13031,Bulloch,GA,546,79608,4
13033,Burke,GA,160,22383,7
13035,Butts,GA,325,24936,34
13037,Calhoun,GA,168,6189,6
13039,Camden,GA,231,54666,2
13043,Candler,GA,73,10803,0
13045,Carroll,GA,917,119992,40
13047,Catoosa,GA,334,67580,8
13049,Charlton,GA,76,13392,2
13051,Chatham,GA,2083,289430,38
13053,Chattahoochee,GA,433,10907,0
13055,Chattooga,GA,76,24789,2
13057,Cherokee,GA,1596,258773,46
13059,Clarke,GA,820,128331,15
13061,Clay,GA,56,2834,2
13063,Clayton,GA,2519,292256,81
13065,Clinch,GA,115,6618,3
13067,Cobb,GA,6264,760141,247
13069,Coffee,GA,680,43273,17
13071,Colquitt,GA,1181,45600,19
13073,Columbia,GA,696,156714,12
13075,Cook,GA,197,17270,3
13077,Coweta,GA,808,148509,16
13079,Crawford,GA,56,12404,0
13081,Crisp,GA,298,22372,12
13083,Dade,GA,77,16116,1
13085,Dawson,GA,162,26108,3
13087,Decatur,GA,274,26404,8
13089,DeKalb,GA,7365,759297,175
13091,Dodge,GA,129,20605,2
13093,Dooly,GA,217,13390,12
13095,Dougherty,GA,2035,87956,155
13097,Douglas,GA,1235,146343,37
13099,Early,GA,289,10190,31
13101,Echols,GA,189,4006,0
13103,Effingham,GA,222,64296,1
13105,Elbert,GA,143,19194,0
13107,Emanuel,GA,180,22646,3
13109,Evans,GA,37,10654,0
13111,Fannin,GA,112,26188,1
13113,Fayette,GA,474,114421,19
13115,Floyd,GA,658,98498,15
13117,Forsyth,GA,1045,244252,15
13119,Franklin,GA,239,23349,1
13121,Fulton,GA,9382,1063937,318
13123,Gilmer,GA,203,31369,2
13125,Glascock,GA,13,2971,0
13127,Glynn,GA,1324,85292,9
13129,Gordon,GA,472,57963,18
13131,Grady,GA,242,24633,4
13133,Greene,GA,108,18324,9
13135,Gwinnett,GA,10259,936250,175
13137,Habersham,GA,739,45328,39
13139,Hall,GA,3590,204441,63
13141,Hancock,GA,224,8457,33
13143,Haralson,GA,96,29792,5
13145,Harris,GA,401,35236,11
13147,Hart,GA,91,26205,0
13149,Heard,GA,75,11923,3
13151,Henry,GA,1569,234561,33
13153,Houston,GA,860,157863,29
13155,Irwin,GA,84,9416,1
13157,Jackson,GA,472,72977,10
13159,Jasper,GA,81,14219,1
13161,Jeff Davis,GA,136,15115,3
13163,Jefferson,GA,159,15362,2
13165,Jenkins,GA,135,8676,12
13167,Johnson,GA,112,9643,2
13169,Jones,GA,125,28735,0
13171,Lamar,GA,139,19077,6
13173,Lanier,GA,154,10423,3
13175,Laurens,GA,292,47546,1
13177,Lee,GA,413,29992,22
13179,Liberty,GA,172,61435,1
13181,Lincoln,GA,53,7921,1
13183,Long,GA,58,19559,1
13185,Lowndes,GA,1699,117406,14
13187,Lumpkin,GA,155,33610,4
13189,McDuffie,GA,132,21312,7
13191,McIntosh,GA,71,14378,1
13193,Macon,GA,131,12947,9
13195,Madison,GA,137,29880,4
13197,Marion,GA,88,8359,2
13199,Meriwether,GA,230,21167,3
13201,Miller,GA,55,5718,0
13205,Mitchell,GA,475,21863,39
13207,Monroe,GA,227,27578,19
13209,Montgomery,GA,45,9172,0
13211,Morgan,GA,67,19276,0
13213,Murray,GA,269,40096,2
13215,Muscogee,GA,2346,195769,55
13217,Newton,GA,782,111744,12
13219,Oconee,GA,203,40280,11
13221,Oglethorpe,GA,100,15259,7
13223,Paulding,GA,771,168667,16
13225,Peach,GA,131,27546,10
13227,Pickens,GA,107,32591,5
13229,Pierce,GA,224,19465,5
13231,Pike,GA,108,18962,3
13233,Polk,GA,278,42613,1
13235,Pulaski,GA,57,11137,2
13237,Putnam,GA,201,22119,12
13239,Quitman,GA,20,2299,1
13241,Rabun,GA,60,17137,3
13243,Randolph,GA,205,6778,25
13245,Richmond,GA,1388,202518,59
13247,Rockdale,GA,606,90896,11
13249,Schley,GA,27,5257,1
13251,Screven,GA,104,13966,7
13253,Seminole,GA,54,8090,2
13255,Spalding,GA,518,66703,33
13257,Stephens,GA,283,25925,6
13259,Stewart,GA,205,6621,3
13261,Sumter,GA,591,29524,50
13263,Talbot,GA,88,6195,3
13265,Taliaferro,GA,2,1537,0
13267,Tattnall,GA,168,25286,0
13269,Taylor,GA,39,8020,2
13271,Telfair,GA,137,15860,3
13273,Terrell,GA,238,8531,28
13275,Thomas,GA,536,44451,32
13277,Tift,GA,906,40644,26
13279,Toombs,GA,297,26830,5
13281,Towns,GA,58,12037,1
13283,Treutlen,GA,39,6901,1
13285,Troup,GA,1678,69922,37
13287,Turner,GA,183,7985,17
13289,Twiggs,GA,40,8120,1
13291,Union,GA,89,24511,3
13293,Upson,GA,382,26320,45
13295,Walker,GA,362,69761,12
13297,Walton,GA,497,94593,28
13299,Ware,GA,555,35734,16
13301,Warren,GA,30,5254,0
13303,Washington,GA,158,20374,1
13305,Wayne,GA,121,29927,0
13307,Webster,GA,27,2607,2
13309,Wheeler,GA,56,7855,0
13311,White,GA,159,30798,4
13313,Whitfield,GA,1525,104628,15
13315,Wilcox,GA,132,8635,15
13317,Wilkes,GA,87,9777,1
13319,Wilkinson,GA,100,8954,9
13321,Worth,GA,342,20247,22
15001,Hawaii,HI,96,201513,0
15003,Honolulu,HI,808,974563,13
15005,Kalawao,HI,0,86,0
15007,Kauai,HI,42,72293,0
15009,Maui,HI,130,167417,6
16001,Ada,ID,3431,481587,23
16003,Adams,ID,12,4294,0
16005,Bannock,ID,129,87808,1
16007,Bear Lake,ID,2,6125,0
16009,Benewah,ID,23,9298,0
16011,Bingham,ID,62,46811,1
16013,Blaine,ID,544,23021,5
16015,Boise,ID,7,7831,0
16017,Bonner,ID,45,45739,0
16019,Bonneville,ID,159,119062,1
16021,Boundary,ID,2,12245,0
16023,Butte,ID,0,2597,0
16025,Camas,ID,1,1106,0
16027,Canyon,ID,1561,229849,9
16029,Caribou,ID,15,7155,0
16031,Cassia,ID,297,24030,1
16033,Clark,ID,0,845,0
16035,Clearwater,ID,5,8756,0
16037,Custer,ID,4,4315,0
16039,Elmore,ID,80,27511,2
16041,Franklin,ID,30,13876,0
16043,Fremont,ID,8,13099,0
16045,Gem,ID,42,18112,0
16047,Gooding,ID,71,15179,1
16049,Idaho,ID,10,16667,0
16051,Jefferson,ID,20,29871,0
16053,Jerome,ID,270,24412,5
16055,Kootenai,ID,507,165697,1
16057,Latah,ID,31,40108,0
16059,Lemhi,ID,2,8027,0
16061,Lewis,ID,1,3838,0
16063,Lincoln,ID,38,5366,0
16065,Madison,ID,44,39907,0
16067,Minidoka,ID,238,21039,0
16069,Nez Perce,ID,107,40408,19
16071,Oneida,ID,4,4531,0
16073,Owyhee,ID,66,11823,0
16075,Payette,ID,149,23951,2
16077,Power,ID,19,7681,0
16079,Shoshone,ID,6,12882,0
16081,Teton,ID,23,12142,0
16083,Twin Falls,ID,756,86878,25
16085,Valley,ID,23,11392,0
16087,Washington,ID,124,10194,2
17001,Adams,IL,139,65435,1
17003,Alexander,IL,22,5761,0
17005,Bond,IL,17,16426,1
17007,Boone,IL,623,53544,21
17009,Brown,IL,10,6578,0
17011,Bureau,IL,31,32628,2
17013,Calhoun,IL,1,4739,0
17015,Carroll,IL,21,14305,2
17017,Cass,IL,136,12147,7
17019,Champaign,IL,992,209689,17
17021,Christian,IL,47,32304,4
17023,Clark,IL,18,15441,0
17025,Clay,IL,2,13184,0
17027,Clinton,IL,244,37562,17
17029,Coles,IL,184,50621,17
17031,Cook,IL,93496,5150233,4664
17033,Crawford,IL,18,18667,0
17035,Cumberland,IL,24,10766,0
17037,DeKalb,IL,595,104897,20
17039,De Witt,IL,16,15638,0
17041,Douglas,IL,54,19465,0
17043,DuPage,IL,9454,922921,480
17045,Edgar,IL,16,17161,0
17047,Edwards,IL,2,6395,0
17049,Effingham,IL,19,34008,1
17051,Fayette,IL,24,21336,3
17053,Ford,IL,41,12961,1
17055,Franklin,IL,36,38469,0
17057,Fulton,IL,16,34340,0
17059,Gallatin,IL,4,4828,0
17061,Greene,IL,8,12969,0
17063,Grundy,IL,185,51054,5
17065,Hamilton,IL,6,8116,0
17067,Hancock,IL,19,17708,1
17069,Hardin,IL,1,3821,0
17071,Henderson,IL,8,6646,0
17073,Henry,IL,103,48913,1
17075,Iroquois,IL,168,27114,5
17077,Jackson,IL,343,56750,19
17079,Jasper,IL,47,9610,7
17081,Jefferson,IL,111,37684,17
17083,Jersey,IL,37,21773,1
17085,Jo Daviess,IL,49,21235,1
17087,Johnson,IL,21,12417,0
17089,Kane,IL,7949,532403,280
17091,Kankakee,IL,1335,109862,65
17093,Kendall,IL,1011,128990,22
17095,Knox,IL,149,49699,0
17097,Lake,IL,10104,696535,427
17099,LaSalle,IL,237,108669,17
17101,Lawrence,IL,8,15678,0
17103,Lee,IL,104,34096,2
17105,Livingston,IL,53,35648,2
17107,Logan,IL,18,28618,0
17109,McDonough,IL,104,29682,15
17111,McHenry,IL,2179,307774,100
17113,McLean,IL,292,171517,14
17115,Macon,IL,241,104009,22
17117,Macoupin,IL,61,44926,3
17119,Madison,IL,1077,262966,70
17121,Marion,IL,73,37205,0
17123,Marshall,IL,12,11438,0
17125,Mason,IL,23,13359,0
17127,Massac,IL,15,13772,0
17129,Menard,IL,26,12196,0
17131,Mercer,IL,25,15437,0
17133,Monroe,IL,141,34637,13
17135,Montgomery,IL,59,28414,1
17137,Morgan,IL,132,33658,3
17139,Moultrie,IL,19,14501,0
17141,Ogle,IL,279,50643,4
17143,Peoria,IL,583,179179,29
17145,Perry,IL,59,20916,1
17147,Piatt,IL,20,16344,0
17149,Pike,IL,5,15561,0
17151,Pope,IL,1,4177,0
17153,Pulaski,IL,79,5335,0
17155,Putnam,IL,1,5739,0
17157,Randolph,IL,291,31782,7
17159,Richland,IL,7,15513,0
17161,Rock Island,IL,1094,141879,30
17163,St. Clair,IL,2089,259686,143
17165,Saline,IL,10,23491,0
17167,Sangamon,IL,473,194672,33
17169,Schuyler,IL,13,6768,0
17171,Scott,IL,1,4951,0
17173,Shelby,IL,19,21634,1
17175,Stark,IL,6,5342,0
17177,Stephenson,IL,280,44498,6
17179,Tazewell,IL,158,131803,8
17181,Union,IL,195,16653,19
17183,Vermilion,IL,82,75758,2
17185,Wabash,IL,23,11520,0
17187,Warren,IL,147,16844,0
17189,Washington,IL,25,13887,0
17191,Wayne,IL,15,16215,1
17193,White,IL,9,13537,0
17195,Whiteside,IL,199,55175,15
17197,Will,IL,7061,690743,322
17199,Williamson,IL,134,66597,4
17201,Winnebago,IL,3131,282572,101
17203,Woodford,IL,39,38459,2
18001,Adams,IN,49,35777,1
18003,Allen,IN,2835,379299,133
18005,Bartholomew,IN,591,83779,45
18007,Benton,IN,48,8748,0
18009,Blackford,IN,39,11758,2
18011,Boone,IN,454,67843,43
18013,Brown,IN,42,15092,1
18015,Carroll,IN,110,20257,2
18017,Cass,IN,1642,37689,9
18019,Clark,IN,668,118302,44
18021,Clay,IN,60,26225,4
18023,Clinton,IN,290,32399,2
18025,Crawford,IN,32,10577,0
18027,Daviess,IN,148,33351,17
18029,Dearborn,IN,238,49458,23
18031,Decatur,IN,254,26559,32
18033,DeKalb,IN,163,43475,4
18035,Delaware,IN,452,114135,52
18037,Dubois,IN,288,42736,6
18039,Elkhart,IN,3402,206341,55
18041,Fayette,IN,103,23102,7
18043,Floyd,IN,384,78522,44
18045,Fountain,IN,32,16346,2
18047,Franklin,IN,126,22758,8
18049,Fulton,IN,72,19974,1
18051,Gibson,IN,98,33659,2
18053,Grant,IN,296,65769,26
18055,Greene,IN,190,31922,32
18057,Hamilton,IN,1608,338011,101
18059,Hancock,IN,452,78168,36
18061,Harrison,IN,216,40515,22
18063,Hendricks,IN,1425,170311,100
18065,Henry,IN,282,47972,16
18067,Howard,IN,580,82544,58
18069,Huntington,IN,78,36520,2
18071,Jackson,IN,473,44231,3
18073,Jasper,IN,123,33562,2
18075,Jay,IN,68,20436,0
18077,Jefferson,IN,76,32308,2
18079,Jennings,IN,177,27735,12
18081,Johnson,IN,1296,158167,118
18083,Knox,IN,64,36594,0
18085,Kosciusko,IN,562,79456,4
18087,LaGrange,IN,477,39614,9
18089,Lake,IN,5276,485493,246
18091,LaPorte,IN,583,109888,26
18093,Lawrence,IN,248,45370,25
18095,Madison,IN,667,129569,64
18097,Marion,IN,11760,964582,689
18099,Marshall,IN,501,46258,6
18101,Martin,IN,22,10255,0
18103,Miami,IN,186,35516,2
18105,Monroe,IN,309,148431,28
18107,Montgomery,IN,297,38338,20
18109,Morgan,IN,327,70489,31
18111,Newton,IN,99,13984,10
18113,Noble,IN,485,47744,28
18115,Ohio,IN,18,5875,0
18117,Orange,IN,136,19646,23
18119,Owen,IN,50,20799,1
18121,Parke,IN,24,16937,0
18123,Perry,IN,135,19169,9
18125,Pike,IN,11,12389,0
18127,Porter,IN,767,170389,38
18129,Posey,IN,45,25427,0
18131,Pulaski,IN,66,12353,1
18133,Putnam,IN,170,37576,8
18135,Randolph,IN,80,24665,4
18137,Ripley,IN,124,28324,7
18139,Rush,IN,58,16581,3
18141,St. Joseph,IN,2001,271826,69
18143,Scott,IN,162,23873,8
18145,Shelby,IN,431,44729,25
18147,Spencer,IN,44,20277,1
18149,Starke,IN,94,22995,3
18151,Steuben,IN,130,34594,2
18153,Sullivan,IN,45,20669,1
18155,Switzerland,IN,28,10751,0
18157,Tippecanoe,IN,735,195732,9
18159,Tipton,IN,31,15148,1
18161,Union,IN,13,7054,0
18163,Vanderburgh,IN,587,181451,6
18165,Vermillion,IN,14,15498,0
18167,Vigo,IN,238,107038,8
18169,Wabash,IN,114,30996,2
18171,Warren,IN,14,8265,1
18173,Warrick,IN,227,62998,29
18175,Washington,IN,67,28036,1
18177,Wayne,IN,143,65884,6
18179,Wells,IN,75,28296,1
18181,White,IN,266,24102,10
18183,Whitley,IN,97,33964,5
19001,Adair,IA,17,7152,0
19003,Adams,IA,8,3602,0
19005,Allamakee,IA,135,13687,4
19007,Appanoose,IA,21,12426,3
19009,Audubon,IA,16,5496,1
19011,Benton,IA,68,25645,1
19013,Black Hawk,IA,2341,131228,58
19015,Boone,IA,153,26234,1
19017,Bremer,IA,97,25062,7
19019,Buchanan,IA,60,21175,1
19021,Buena Vista,IA,1724,19620,11
19023,Butler,IA,59,14439,2
19025,Calhoun,IA,54,9668,2
19027,Carroll,IA,103,20165,1
19029,Cass,IA,24,12836,0
19031,Cedar,IA,85,18627,1
19033,Cerro Gordo,IA,195,42450,1
19035,Cherokee,IA,76,11235,1
19037,Chickasaw,IA,29,11933,0
19039,Clarke,IA,134,9395,3
19041,Clay,IA,140,16016,0
19043,Clayton,IA,45,17549,3
19045,Clinton,IA,115,46429,1
19047,Crawford,IA,678,16820,3
19049,Dallas,IA,1293,93453,29
19051,Davis,IA,41,9000,1
19053,Decatur,IA,12,7870,0
19055,Delaware,IA,51,17011,1
19057,Des Moines,IA,93,38967,2
19059,Dickinson,IA,281,17258,3
19061,Dubuque,IA,755,97311,22
19063,Emmet,IA,90,9208,0
19065,Fayette,IA,50,19650,0
19067,Floyd,IA,73,15642,2
19069,Franklin,IA,95,10070,0
19071,Fremont,IA,8,6960,0
19073,Greene,IA,29,8888,0
19075,Grundy,IA,40,12232,0
19077,Guthrie,IA,68,10689,4
19079,Hamilton,IA,190,14773,1
19081,Hancock,IA,55,10630,1
19083,Hardin,IA,81,16846,0
19085,Harrison,IA,54,14049,0
19087,Henry,IA,87,19954,3
19089,Howard,IA,35,9158,0
19091,Humboldt,IA,55,9558,1
19093,Ida,IA,23,6860,0
19095,Iowa,IA,53,16184,0
19097,Jackson,IA,36,19439,0
19099,Jasper,IA,328,37185,17
19101,Jefferson,IA,62,18295,0
19103,Johnson,IA,1355,151140,8
19105,Jones,IA,64,20681,0
19107,Keokuk,IA,21,10246,1
19109,Kossuth,IA,36,14813,0
19111,Lee,IA,54,33657,2
19113,Linn,IA,1311,226706,82
19115,Louisa,IA,363,11035,13
19117,Lucas,IA,31,8600,4
19119,Lyon,IA,46,11755,0
19121,Madison,IA,49,16338,2
19123,Mahaska,IA,118,22095,17
19125,Marion,IA,72,33253,0
19127,Marshall,IA,1062,39369,19
19129,Mills,IA,42,15109,0
19131,Mitchell,IA,41,10586,0
19133,Monona,IA,77,8615,0
19135,Monroe,IA,51,7707,7
19137,Montgomery,IA,10,9917,2
19139,Muscatine,IA,650,42664,44
19141,O'Brien,IA,90,13753,1
19143,Osceola,IA,64,5958,0
19145,Page,IA,20,15107,0
19147,Palo Alto,IA,41,8886,0
19149,Plymouth,IA,324,25177,5
19151,Pocahontas,IA,101,6619,1
19153,Polk,IA,6796,490161,181
19155,Pottawattamie,IA,755,93206,12
19157,Poweshiek,IA,107,18504,8
19159,Ringgold,IA,15,4894,0
19161,Sac,IA,64,9721,0
19163,Scott,IA,854,172943,10
19165,Shelby,IA,117,11454,0
19167,Sioux,IA,486,34855,0
19169,Story,IA,809,97117,3
19171,Tama,IA,470,16854,29
19173,Taylor,IA,80,6121,0
19175,Union,IA,36,12241,0
19177,Van Buren,IA,21,7044,0
19179,Wapello,IA,709,34969,30
19181,Warren,IA,296,51466,1
19183,Washington,IA,246,21965,9
19185,Wayne,IA,10,6441,0
19187,Webster,IA,251,35904,4
19189,Winnebago,IA,29,10354,0
19191,Winneshiek,IA,43,19991,0
19193,Woodbury,IA,3261,103107,44
19195,Worth,IA,20,7381,0
19197,Wright,IA,386,12562,1
20001,Allen,KS,5,12369,0
20003,Anderson,KS,6,7858,0
20005,Atchison,KS,42,16073,0
20007,Barber,KS,2,4427,0
20009,Barton,KS,57,25779,2
20011,Bourbon,KS,36,14534,1
20013,Brown,KS,12,9564,0
20015,Butler,KS,78,66911,0
20017,Chase,KS,5,2648,0
20019,Chautauqua,KS,5,3250,0
20021,Cherokee,KS,43,19939,0
20023,Cheyenne,KS,2,2657,0
20025,Clark,KS,34,1994,0
20027,Clay,KS,9,8002,1
20029,Cloud,KS,25,8786,0
20031,Coffey,KS,53,8179,8
20033,Comanche,KS,3,1700,0
20035,Cowley,KS,77,34908,1
20037,Crawford,KS,294,38818,1
20039,Decatur,KS,0,2827,0
20041,Dickinson,KS,12,18466,0
20043,Doniphan,KS,27,7600,0
20045,Douglas,KS,377,122259,0
20047,Edwards,KS,7,2798,0
20049,Elk,KS,1,2530,0
20051,Ellis,KS,35,28553,0
20053,Ellsworth,KS,11,6102,0
20055,Finney,KS,1586,36467,10
20057,Ford,KS,2021,33619,10
20059,Franklin,KS,80,25544,0
20061,Geary,KS,101,31670,1
20063,Gove,KS,2,2636,0
20065,Graham,KS,3,2482,0
20067,Grant,KS,51,7150,1
20069,Gray,KS,28,5988,0
20071,Greeley,KS,0,1232,0
20073,Greenwood,KS,11,5982,0
20075,Hamilton,KS,35,2539,0
20077,Harper,KS,2,5436,0
20079,Harvey,KS,55,34429,2
20081,Haskell,KS,30,3968,0
20083,Hodgeman,KS,9,1794,0
20085,Jackson,KS,117,13171,1
20087,Jefferson,KS,33,19043,0
20089,Jewell,KS,4,2879,0
20091,Johnson,KS,2565,602401,91
20093,Kearny,KS,48,3838,1
20095,Kingman,KS,1,7152,0
20097,Kiowa,KS,3,2475,0
20099,Labette,KS,64,19618,0
20101,Lane,KS,5,1535,0
20103,Leavenworth,KS,1200,81758,7
20105,Lincoln,KS,1,2962,0
20107,Linn,KS,16,9703,0
20109,Logan,KS,1,2794,0
20111,Lyon,KS,501,33195,7
20113,McPherson,KS,86,28542,0
20115,Marion,KS,15,11884,1
20117,Marshall,KS,2,9707,0
20119,Meade,KS,30,4033,0
20121,Miami,KS,52,34237,0
20123,Mitchell,KS,5,5979,0
20125,Montgomery,KS,53,31829,3
20127,Morris,KS,5,5620,0
20129,Morton,KS,7,2587,0
20131,Nemaha,KS,29,10231,0
20133,Neosho,KS,34,16007,0
20135,Ness,KS,4,2750,0
20137,Norton,KS,11,5361,0
20139,Osage,KS,22,15949,0
20141,Osborne,KS,3,3421,0
20143,Ottawa,KS,12,5704,0
20145,Pawnee,KS,4,6414,0
20147,Phillips,KS,27,5234,0
20149,Pottawatomie,KS,83,24383,0
20151,Pratt,KS,12,9164,0
20153,Rawlins,KS,0,2530,0
20155,Reno,KS,101,61998,0
20157,Republic,KS,11,4636,0
20159,Rice,KS,4,9537,0
20161,Riley,KS,301,74232,3
20163,Rooks,KS,9,4920,0
20165,Rush,KS,2,3036,0
20167,Russell,KS,2,6856,0
20169,Saline,KS,169,54224,2
20171,Scott,KS,16,4823,0
20173,Sedgwick,KS,1922,516042,28
20175,Seward,KS,1048,21428,2
20177,Shawnee,KS,878,176875,13
20179,Sheridan,KS,5,2521,0
20181,Sherman,KS,7,5917,0
20183,Smith,KS,3,3583,0
20185,Stafford,KS,1,4156,0
20187,Stanton,KS,12,2006,0
20189,Stevens,KS,32,5485,0
20191,Sumner,KS,17,22836,1
20193,Thomas,KS,17,7777,0
20195,Trego,KS,2,2803,0
20197,Wabaunsee,KS,38,6931,0
20199,Wallace,KS,0,1518,0
20201,Washington,KS,1,5406,0
20203,Wichita,KS,0,2119,0
20205,Wilson,KS,4,8525,0
20207,Woodson,KS,9,3138,0
20209,Wyandotte,KS,2760,165429,85
21001,Adair,KY,131,19202,19
21003,Allen,KY,181,21315,7
21005,Anderson,KY,30,22747,1
21007,Ballard,KY,15,7888,0
21009,Barren,KY,104,44249,2
21011,Bath,KY,18,12500,1
21013,Bell,KY,57,26032,0
21015,Boone,KY,672,133581,23
21017,Bourbon,KY,36,19788,1
21019,Boyd,KY,71,46718,3
21021,Boyle,KY,43,30060,0
21023,Bracken,KY,17,8303,0
21025,Breathitt,KY,12,12630,0
21027,Breckinridge,KY,28,20477,2
21029,Bullitt,KY,166,81676,4
21031,Butler,KY,262,12879,14
21033,Caldwell,KY,21,12747,0
21035,Calloway,KY,98,39001,1
21037,Campbell,KY,303,93584,13
21039,Carlisle,KY,7,4760,1
21041,Carroll,KY,63,10631,1
21043,Carter,KY,32,26797,0
21045,Casey,KY,33,16159,1
21047,Christian,KY,243,70461,4
21049,Clark,KY,104,36263,5
21051,Clay,KY,79,19901,3
21053,Clinton,KY,6,10218,0
21055,Crittenden,KY,10,8806,1
21057,Cumberland,KY,6,6614,0
21059,Daviess,KY,469,101511,8
21061,Edmonson,KY,75,12150,11
21063,Elliott,KY,3,7517,0
21065,Estill,KY,5,14106,0
21067,Fayette,KY,1696,323152,30
21069,Fleming,KY,25,14581,0
21071,Floyd,KY,38,35589,0
21073,Franklin,KY,153,50991,4
21075,Fulton,KY,24,5969,1
21077,Gallatin,KY,66,8869,8
21079,Garrard,KY,32,17666,0
21081,Grant,KY,61,25069,4
21083,Graves,KY,246,37266,21
21085,Grayson,KY,140,26427,11
21087,Green,KY,8,10941,1
21089,Greenup,KY,40,35098,0
21091,Hancock,KY,22,8722,0
21093,Hardin,KY,223,110958,6
21095,Harlan,KY,33,26010,2
21097,Harrison,KY,81,18886,0
21099,Hart,KY,46,19035,0
21101,Henderson,KY,173,45210,3
21103,Henry,KY,40,16126,2
21105,Hickman,KY,7,4380,0
21107,Hopkins,KY,284,44686,33
21109,Jackson,KY,115,13329,14
21111,Jefferson,KY,4312,766757,204
21113,Jessamine,KY,121,54115,0
21115,Johnson,KY,10,22188,0
21117,Kenton,KY,852,166998,37
21119,Knott,KY,14,14806,0
21121,Knox,KY,88,31145,4
21123,Larue,KY,17,14398,1
21125,Laurel,KY,158,60813,3
21127,Lawrence,KY,11,15317,0
21129,Lee,KY,1,7403,0
21131,Leslie,KY,11,9877,0
21133,Letcher,KY,18,21553,0
21135,Lewis,KY,22,13275,0
21137,Lincoln,KY,42,24549,1
21139,Livingston,KY,13,9194,0
21141,Logan,KY,241,27102,13
21143,Lyon,KY,21,8210,3
21145,McCracken,KY,181,65418,3
21147,McCreary,KY,18,17231,0
21149,McLean,KY,27,9207,1
21151,Madison,KY,160,92987,1
21153,Magoffin,KY,7,12161,0
21155,Marion,KY,58,19273,0
21157,Marshall,KY,66,31100,2
21159,Martin,KY,10,11195,0
21161,Mason,KY,39,17070,1
21163,Meade,KY,30,28572,2
21165,Menifee,KY,13,6489,0
21167,Mercer,KY,26,21933,0
21169,Metcalfe,KY,14,10071,2
21171,Monroe,KY,42,10650,2
21173,Montgomery,KY,61,28157,0
21175,Morgan,KY,11,13309,0
21177,Muhlenberg,KY,528,30622,8
21179,Nelson,KY,97,46233,2
21181,Nicholas,KY,11,7269,0
21183,Ohio,KY,204,23994,0
21185,Oldham,KY,153,66799,7
21187,Owen,KY,10,10901,0
21189,Owsley,KY,3,4415,0
21191,Pendleton,KY,21,14590,0
21193,Perry,KY,73,25758,2
21195,Pike,KY,113,57876,2
21197,Powell,KY,8,12359,0
21199,Pulaski,KY,117,64979,2
21201,Robertson,KY,1,2108,0
21203,Rockcastle,KY,30,16695,0
21205,Rowan,KY,24,24460,0
21207,Russell,KY,58,17923,4
21209,Scott,KY,112,57004,0
21211,Shelby,KY,537,49024,17
21213,Simpson,KY,80,18572,3
21215,Spencer,KY,41,19351,0
21217,Taylor,KY,46,25769,1
21219,Todd,KY,26,12294,0
21221,Trigg,KY,26,14651,0
21223,Trimble,KY,7,8471,0
21225,Union,KY,30,14381,0
21227,Warren,KY,1672,132896,14
21229,Washington,KY,28,12095,0
21231,Wayne,KY,19,20333,0
21233,Webster,KY,48,12942,0
21235,Whitley,KY,47,36264,0
21237,Wolfe,KY,4,7157,0
21239,Woodford,KY,76,26734,0
22001,Acadia Parish,LA,1094,62045,44
22003,Allen Parish,LA,387,25627,11
22005,Ascension Parish,LA,1441,126604,60
22007,Assumption Parish,LA,399,21891,15
22009,Avoyelles Parish,LA,418,40144,15
22011,Beauregard Parish,LA,274,37497,9
22013,Bienville Parish,LA,248,13241,28
22015,Bossier Parish,LA,1142,127039,36
22017,Caddo Parish,LA,3946,240204,243
22019,Calcasieu Parish,LA,2701,203436,62
22021,Caldwell Parish,LA,117,9918,1
22023,Cameron Parish,LA,89,6973,0
22025,Catahoula Parish,LA,206,9494,3
22027,Claiborne Parish,LA,135,15670,10
22029,Concordia Parish,LA,128,19259,6
22031,De Soto Parish,LA,394,27463,19
22033,East Baton Rouge Parish,LA,6336,440059,276
22035,East Carroll Parish,LA,449,6861,1
22037,East Feliciana Parish,LA,338,19135,33
22039,Evangeline Parish,LA,261,33395,1
22041,Franklin Parish,LA,508,20015,14
22043,Grant Parish,LA,104,22389,2
22045,Iberia Parish,LA,1050,69830,47
22047,Iberville Parish,LA,779,32511,43
22049,Jackson Parish,LA,221,15744,16
22051,Jefferson Parish,LA,10452,432493,488
22053,Jefferson Davis Parish,LA,521,31368,10
22055,Lafayette Parish,LA,3127,244390,50
22057,Lafourche Parish,LA,1386,97614,90
22059,La Salle Parish,LA,111,14892,0
22061,Lincoln Parish,LA,366,46742,19
22063,Livingston Parish,LA,1305,140789,40
22065,Madison Parish,LA,401,10951,3
22067,Morehouse Parish,LA,256,24874,10
22069,Natchitoches Parish,LA,340,38158,14
22071,Orleans Parish,LA,8287,390144,536
22073,Ouachita Parish,LA,2794,153279,82
22075,Plaquemines Parish,LA,291,23197,17
22077,Pointe Coupee Parish,LA,314,21730,28
22079,Rapides Parish,LA,1823,129648,75
22081,Red River Parish,LA,66,8442,9
22083,Richland Parish,LA,242,20122,5
22085,Sabine Parish,LA,130,23884,1
22087,St. Bernard Parish,LA,668,47244,23
22089,St. Charles Parish,LA,828,53100,49
22091,St. Helena Parish,LA,114,10132,1
22093,St. James Parish,LA,418,21096,30
22095,St. John the Baptist Parish,LA,1037,42837,87
22097,St. Landry Parish,LA,887,82124,59
22099,St. Martin Parish,LA,915,53431,27
22101,St. Mary Parish,LA,632,49348,39
22103,St. Tammany Parish,LA,2844,260419,181
22105,Tangipahoa Parish,LA,1689,134758,43
22107,Tensas Parish,LA,30,4334,0
22109,Terrebonne Parish,LA,1372,110461,63
22111,Union Parish,LA,452,22108,27
22113,Vermilion Parish,LA,425,59511,6
22115,Vernon Parish,LA,223,47429,9
22117,Washington Parish,LA,765,46194,48
22119,Webster Parish,LA,459,38340,12
22121,West Baton Rouge Parish,LA,336,26465,31
22123,West Carroll Parish,LA,158,10830,5
22125,West Feliciana Parish,LA,252,15568,14
22127,Winn Parish,LA,270,13904,5
23001,Androscoggin,ME,502,108277,4
23003,Aroostook,ME,24,67055,1
23005,Cumberland,ME,1844,295003,65
23007,Franklin,ME,41,30199,1
23009,Hancock,ME,18,54987,1
23011,Kennebec,ME,147,122302,10
23013,Knox,ME,25,39772,1
23015,Lincoln,ME,26,34634,0
23017,Oxford,ME,44,57975,0
23019,Penobscot,ME,122,152148,3
23021,Piscataquis,ME,5,16785,0
23023,Sagadahoc,ME,34,35856,0
23025,Somerset,ME,31,50484,0
23027,Waldo,ME,58,39715,14
23029,Washington,ME,5,31379,0
23031,York,ME,557,207641,11
24001,Allegany,MD,212,70416,18
24003,Anne Arundel,MD,5341,579234,210
24005,Baltimore,MD,8443,827370,490
24009,Calvert,MD,425,92525,27
24011,Caroline,MD,325,33406,3
24013,Carroll,MD,1188,168447,114
24015,Cecil,MD,512,102855,29
24017,Charles,MD,1473,163257,88
24019,Dorchester,MD,199,31929,5
24021,Frederick,MD,2553,259547,120
24023,Garrett,MD,16,29014,0
24025,Harford,MD,1209,255441,64
24027,Howard,MD,2723,325690,93
24029,Kent,MD,204,19422,23
24031,Montgomery,MD,15400,1050688,752
24033,Prince George's,MD,19285,909327,699
24035,Queen Anne's,MD,260,50381,21
24037,St. Mary's,MD,666,113510,51
24039,Somerset,MD,93,25616,3
24041,Talbot,MD,161,37181,4
24043,Washington,MD,694,151049,29
24045,Wicomico,MD,1102,103609,41
24047,Worcester,MD,306,52276,17
24510,Baltimore City,MD,8071,593490,355
25001,Barnstable,MA,1563,212990,150
25003,Berkshire,MA,604,124944,45
25005,Bristol,MA,8365,565217,592
25007,Dukes,MA,53,17332,0
25009,Essex,MA,16342,789034,1131
25011,Franklin,MA,376,70180,55
25013,Hampden,MA,6903,466372,672
25015,Hampshire,MA,991,160830,116
25017,Middlesex,MA,24300,1611699,1897
25019,Nantucket,MA,21,11399,1
25021,Norfolk,MA,9339,706775,943
25023,Plymouth,MA,8765,521202,673
25025,Suffolk,MA,20120,803907,1012
25027,Worcester,MA,12562,830622,949
26001,Alcona,MI,22,10405,1
26003,Alger,MI,4,9108,0
26005,Allegan,MI,353,118081,7
26007,Alpena,MI,123,28405,11
26009,Antrim,MI,24,23324,0
26011,Arenac,MI,38,14883,2
26013,Baraga,MI,5,8209,0
26015,Barry,MI,121,61550,2
26017,Bay,MI,410,103126,31
26019,Benzie,MI,11,17766,0
26021,Berrien,MI,954,153401,60
26023,Branch,MI,265,43517,2
26025,Calhoun,MI,583,134159,39
26027,Cass,MI,177,51787,6
26029,Charlevoix,MI,30,26143,2
26031,Cheboygan,MI,27,25276,2
26033,Chippewa,MI,14,37349,0
26035,Clare,MI,32,30950,3
26037,Clinton,MI,271,79595,12
26039,Crawford,MI,81,14029,5
26041,Delta,MI,27,35784,3
26043,Dickinson,MI,16,25239,2
26045,Eaton,MI,348,110268,7
26047,Emmet,MI,33,33415,2
26049,Genesee,MI,2860,405813,290
26051,Gladwin,MI,28,25449,1
26053,Gogebic,MI,11,13975,1
26055,Grand Traverse,MI,70,93088,5
26057,Gratiot,MI,100,40711,14
26059,Hillsdale,MI,203,45605,25
26061,Houghton,MI,21,35684,0
26063,Huron,MI,69,30981,3
26065,Ingham,MI,1129,292406,29
26067,Ionia,MI,205,64697,4
26069,Iosco,MI,118,25127,11
26071,Iron,MI,6,11066,1
26073,Isabella,MI,139,69872,8
26075,Jackson,MI,532,158510,32
26077,Kalamazoo,MI,1156,265066,69
26079,Kalkaska,MI,41,18038,2
26081,Kent,MI,5456,656955,139
26083,Keweenaw,MI,1,2116,0
26085,Lake,MI,11,11853,0
26087,Lapeer,MI,309,87607,31
26089,Leelanau,MI,30,21761,0
26091,Lenawee,MI,252,98451,8
26093,Livingston,MI,601,191995,28
26095,Luce,MI,3,6229,0
26097,Mackinac,MI,9,10799,0
26099,Macomb,MI,7651,873972,923
26101,Manistee,MI,25,24558,0
26103,Marquette,MI,84,66699,11
26105,Mason,MI,70,29144,0
26107,Mecosta,MI,32,43453,2
26109,Menominee,MI,29,22780,0
26111,Midland,MI,173,83156,9
26113,Missaukee,MI,34,15118,1
26115,Monroe,MI,653,150500,21
26117,Montcalm,MI,118,63888,1
26119,Montmorency,MI,5,9328,0
26121,Muskegon,MI,877,173566,53
26123,Newaygo,MI,184,48980,0
26125,Oakland,MI,12408,1257584,1096
26127,Oceana,MI,365,26467,4
26129,Ogemaw,MI,44,20997,2
26131,Ontonagon,MI,1,5720,0
26133,Osceola,MI,42,23460,0
26135,Oscoda,MI,22,8241,1
26137,Otsego,MI,124,24668,10
26139,Ottawa,MI,1181,291830,52
26141,Presque Isle,MI,13,12592,0
26143,Roscommon,MI,29,24019,0
26145,Saginaw,MI,1355,190539,124
26147,St. Clair,MI,596,159128,52
26149,St. Joseph,MI,361,60964,5
26151,Sanilac,MI,55,41170,6
26153,Schoolcraft,MI,7,8094,0
26155,Shiawassee,MI,280,68122,28
26157,Tuscola,MI,241,52245,26
26159,Van Buren,MI,256,75677,8
26161,Washtenaw,MI,1817,367601,107
26163,Wayne,MI,23597,1749343,2743
26165,Wexford,MI,51,33631,4
27001,Aitkin,MN,15,15886,0
27003,Anoka,MN,2293,356921,110
27005,Becker,MN,57,34423,0
27007,Beltrami,MN,35,47188,0
27009,Benton,MN,221,40889,3
27011,Big Stone,MN,17,4991,0
27013,Blue Earth,MN,510,67653,2
27015,Brown,MN,37,25008,2
27017,Carlton,MN,88,35871,0
27019,Carver,MN,417,105089,1
27021,Cass,MN,19,29779,2
27023,Chippewa,MN,79,11800,1
27025,Chisago,MN,102,56579,1
27027,Clay,MN,595,64222,38
27029,Clearwater,MN,9,8818,0
27031,Cook,MN,1,5463,0
27033,Cottonwood,MN,137,11196,0
27035,Crow Wing,MN,109,65055,12
27037,Dakota,MN,2479,429021,93
27039,Dodge,MN,92,20934,0
27041,Douglas,MN,66,38141,0
27043,Faribault,MN,60,13653,0
27045,Fillmore,MN,30,21067,0
27047,Freeborn,MN,298,30281,0
27049,Goodhue,MN,132,46340,8
27051,Grant,MN,17,5972,0
27053,Hennepin,MN,12703,1265843,789
27055,Houston,MN,28,18600,0
27057,Hubbard,MN,8,21491,0
27059,Isanti,MN,76,40596,0
27061,Itasca,MN,65,45130,12
27063,Jackson,MN,55,9846,0
27065,Kanabec,MN,15,16337,1
27067,Kandiyohi,MN,582,43199,1
27069,Kittson,MN,2,4298,0
27071,Koochiching,MN,17,12229,1
27073,Lac Qui Parle,MN,4,6623,0
27075,Lake,MN,6,10641,0
27077,Lake of the Woods,MN,0,3740,0
27079,Le Sueur,MN,110,28887,1
27081,Lincoln,MN,11,5639,0
27083,Lyon,MN,327,25474,2
27085,McLeod,MN,94,35893,0
27087,Mahnomen,MN,10,5527,1
27089,Marshall,MN,12,9336,0
27091,Martin,MN,171,19683,5
27093,Meeker,MN,61,23222,1
27095,Mille Lacs,MN,34,26277,2
27097,Morrison,MN,61,33386,1
27099,Mower,MN,965,40062,2
27101,Murray,MN,66,8194,0
27103,Nicollet,MN,176,34274,12
27105,Nobles,MN,1672,21629,6
27107,Norman,MN,21,6375,0
27109,Olmsted,MN,1168,158293,17
27111,Otter Tail,MN,100,58746,1
27113,Pennington,MN,52,14119,0
27115,Pine,MN,110,29579,0
27117,Pipestone,MN,63,9126,2
27119,Polk,MN,84,31364,2
27121,Pope,MN,12,11249,0
27123,Ramsey,MN,5013,550321,230
27125,Red Lake,MN,4,4055,0
27127,Redwood,MN,20,15170,0
27129,Renville,MN,36,14548,2
27131,Rice,MN,859,66972,8
27133,Rock,MN,31,9315,0
27135,Roseau,MN,17,15165,0
27137,St. Louis,MN,198,199070,16
27139,Scott,MN,783,149013,4
27141,Sherburne,MN,327,97238,5
27143,Sibley,MN,55,14865,2
27145,Stearns,MN,2429,161075,19
27147,Steele,MN,239,36649,1
27149,Stevens,MN,6,9805,0
27151,Swift,MN,23,9266,1
27153,Todd,MN,402,24664,2
27155,Traverse,MN,6,3259,0
27157,Wabasha,MN,35,21627,0
27159,Wadena,MN,15,13682,0
27161,Waseca,MN,71,18612,0
27163,Washington,MN,1163,262440,40
27165,Watonwan,MN,240,10897,0
27167,Wilkin,MN,21,6207,3
27169,Winona,MN,131,50484,15
27171,Wright,MN,492,138377,5
27173,Yellow Medicine,MN,30,9709,0
28001,Adams,MS,332,30693,18
28003,Alcorn,MS,76,36953,2
28005,Amite,MS,104,12297,3
28007,Attala,MS,365,18174,23
28009,Benton,MS,42,8259,0
28011,Bolivar,MS,370,30628,18
28013,Calhoun,MS,142,14361,5
28015,Carroll,MS,171,9947,11
28017,Chickasaw,MS,291,17103,19
28019,Choctaw,MS,75,8210,4
28021,Claiborne,MS,289,8988,10
28023,Clarke,MS,211,15541,25
28025,Clay,MS,251,19316,11
28027,Coahoma,MS,213,22124,6
28029,Copiah,MS,627,28065,15
28031,Covington,MS,396,18636,5
28033,DeSoto,MS,1767,184945,18
28035,Forrest,MS,927,74897,43
28037,Franklin,MS,47,7713,2
28039,George,MS,94,24500,3
28041,Greene,MS,108,13586,9
28043,Grenada,MS,522,20758,7
28045,Hancock,MS,134,47632,13
28047,Harrison,MS,1003,208080,12
28049,Hinds,MS,2642,231840,46
28051,Holmes,MS,570,17010,41
28053,Humphreys,MS,156,8064,9
28055,Issaquena,MS,10,1327,1
28057,Itawamba,MS,140,23390,8
28059,Jackson,MS,704,143617,17
28061,Jasper,MS,266,16383,6
28063,Jefferson,MS,114,6990,3
28065,Jefferson Davis,MS,114,11128,4
28067,Jones,MS,1159,68098,49
28069,Kemper,MS,179,9742,14
28071,Lafayette,MS,419,54019,4
28073,Lamar,MS,500,63343,7
28075,Lauderdale,MS,937,74125,81
28077,Lawrence,MS,189,12586,2
28079,Leake,MS,598,22786,20
28081,Lee,MS,575,85436,21
28083,Leflore,MS,507,28183,56
28085,Lincoln,MS,492,34153,34
28087,Lowndes,MS,515,58595,13
28089,Madison,MS,1355,106272,36
28091,Marion,MS,308,24573,12
28093,Marshall,MS,264,35294,3
28095,Monroe,MS,431,35252,35
28097,Montgomery,MS,143,9775,2
28099,Neshoba,MS,1016,29118,73
28101,Newton,MS,352,21018,10
28103,Noxubee,MS,273,10417,8
28105,Oktibbeha,MS,557,49587,28
28107,Panola,MS,392,34192,6
28109,Pearl River,MS,269,55535,32
28111,Perry,MS,76,11973,4
28113,Pike,MS,466,39288,17
28115,Pontotoc,MS,316,32174,6
28117,Prentiss,MS,111,25126,3
28119,Quitman,MS,89,6792,1
28121,Rankin,MS,999,155271,15
28123,Scott,MS,785,28124,15
28125,Sharkey,MS,40,4321,0
28127,Simpson,MS,360,26658,3
28129,Smith,MS,234,15916,12
28131,Stone,MS,72,18336,2
28133,Sunflower,MS,436,25110,8
28135,Tallahatchie,MS,156,13809,4
28137,Tate,MS,319,28321,12
28139,Tippah,MS,142,22015,11
28141,Tishomingo,MS,91,19383,1
28143,Tunica,MS,115,9632,3
28145,Union,MS,233,28815,11
28147,Walthall,MS,208,14286,7
28149,Warren,MS,540,45381,20
28151,Washington,MS,626,43909,10
28153,Wayne,MS,551,20183,16
28155,Webster,MS,128,9689,11
28157,Wilkinson,MS,94,8630,9
28159,Winston,MS,282,17955,10
28161,Yalobusha,MS,183,12108,8
28163,Yazoo,MS,533,29690,6
29001,Adair,MO,98,25343,0
29003,Andrew,MO,59,17712,0
29005,Atchison,MO,6,5143,0
29007,Audrain,MO,142,25388,1
29009,Barry,MO,86,35789,0
29011,Barton,MO,31,11754,0
29013,Bates,MO,12,16172,1
29015,Benton,MO,20,19443,0
29017,Bollinger,MO,18,12133,0
29019,Boone,MO,477,180463,2
29021,Buchanan,MO,923,87364,4
29023,Butler,MO,111,42478,0
29025,Caldwell,MO,12,9020,0
29027,Callaway,MO,61,44743,1
29029,Camden,MO,76,46305,1
29031,Cape Girardeau,MO,271,78871,3
29033,Carroll,MO,20,8679,0
29035,Carter,MO,6,5982,1
29037,Cass,MO,178,105780,8
29039,Cedar,MO,12,14349,0
29041,Chariton,MO,6,7426,0
29043,Christian,MO,64,88595,1
29045,Clark,MO,2,6797,0
29047,Clay,MO,526,249948,13
29049,Clinton,MO,31,20387,0
29051,Cole,MO,95,76745,2
29053,Cooper,MO,23,17709,0
29055,Crawford,MO,19,23920,0
29057,Dade,MO,1,7561,0
29059,Dallas,MO,16,16878,1
29061,Daviess,MO,10,8278,0
29063,DeKalb,MO,15,12547,0
29065,Dent,MO,5,15573,0
29067,Douglas,MO,6,13185,0
29069,Dunklin,MO,115,29131,3
29071,Franklin,MO,235,103967,18
29073,Gasconade,MO,13,14706,0
29075,Gentry,MO,63,6571,9
29077,Greene,MO,385,293086,8
29079,Grundy,MO,20,9850,0
29081,Harrison,MO,21,8352,0
29083,Henry,MO,20,21824,3
29085,Hickory,MO,1,9544,0
29087,Holt,MO,1,4403,0
29089,Howard,MO,5,10001,0
29091,Howell,MO,44,40117,0
29093,Iron,MO,3,10125,0
29095,Jackson (including other portions of Kansas City),MO,4308,703011,56
29097,Jasper,MO,881,121328,7
29099,Jefferson,MO,527,225081,22
29101,Johnson,MO,199,54062,0
29103,Knox,MO,2,3959,0
29105,Laclede,MO,70,35723,0
29107,Lafayette,MO,97,32708,2
29109,Lawrence,MO,52,38355,1
29111,Lewis,MO,8,9776,2
29113,Lincoln,MO,106,59013,1
29115,Linn,MO,19,11920,1
29117,Livingston,MO,21,15227,0
29119,McDonald,MO,670,22837,1
29121,Macon,MO,10,15117,0
29123,Madison,MO,6,12088,0
29125,Maries,MO,6,8697,0
29127,Marion,MO,27,28530,0
29129,Mercer,MO,6,3617,0
29131,Miller,MO,22,25619,0
29133,Mississippi,MO,95,13180,0
29135,Moniteau,MO,66,16132,1
29137,Monroe,MO,5,8644,0
29139,Montgomery,MO,21,11551,0
29141,Morgan,MO,26,20627,0
29143,New Madrid,MO,46,17076,1
29145,Newton,MO,518,58236,2
29147,Nodaway,MO,24,22092,0
29149,Oregon,MO,9,10529,0
29151,Osage,MO,11,13615,0
29153,Ozark,MO,2,9174,0
29155,Pemiscot,MO,115,15805,6
29157,Perry,MO,164,19136,0
29159,Pettis,MO,139,42339,1
29161,Phelps,MO,51,44573,0
29163,Pike,MO,37,18302,1
29165,Platte,MO,139,104418,6
29167,Polk,MO,17,32149,0
29169,Pulaski,MO,134,52607,1
29171,Putnam,MO,4,4696,0
29173,Ralls,MO,10,10309,0
29175,Randolph,MO,14,24748,0
29177,Ray,MO,30,23018,0
29179,Reynolds,MO,2,6270,0
29181,Ripley,MO,20,13288,0
29183,St. Charles,MO,1197,402022,75
29185,St. Clair,MO,3,9397,0
29186,Ste. Genevieve,MO,22,17894,1
29187,St. Francois,MO,158,67215,2
29189,St. Louis,MO,6969,994205,589
29195,Saline,MO,295,22761,4
29197,Schuyler,MO,5,4660,0
29199,Scotland,MO,11,4902,1
29201,Scott,MO,191,38280,11
29203,Shannon,MO,23,8166,0
29205,Shelby,MO,4,5930,0
29207,Stoddard,MO,148,29025,9
29209,Stone,MO,21,31952,0
29211,Sullivan,MO,118,6089,0
29213,Taney,MO,112,55928,2
29215,Texas,MO,9,25398,0
29217,Vernon,MO,26,20563,0
29219,Warren,MO,53,35649,0
29221,Washington,MO,26,24730,1
29223,Wayne,MO,5,12873,0
29225,Webster,MO,46,39592,1
29227,Worth,MO,5,2013,0
29229,Wright,MO,30,18289,0
29510,City of St. Louis,MO,2621,300576,156
30001,Beaverhead,MT,2,9453,0
30003,Big Horn,MT,102,13319,4
30005,Blaine,MT,0,6681,0
30007,Broadwater,MT,5,6237,0
30009,Carbon,MT,30,10725,0
30011,Carter,MT,0,1252,0
30013,Cascade,MT,37,81366,2
30015,Chouteau,MT,0,5635,0
30017,Custer,MT,30,11402,0
30019,Daniels,MT,0,1690,0
30021,Dawson,MT,9,8613,0
30023,Deer Lodge,MT,5,9140,0
30025,Fallon,MT,0,2846,0
30027,Fergus,MT,3,11050,0
30029,Flathead,MT,65,103806,2
30031,Gallatin,MT,331,114434,1
30033,Garfield,MT,0,1258,0
30035,Glacier,MT,25,13753,0
30037,Golden Valley,MT,3,821,0
30039,Granite,MT,5,3379,0
30041,Hill,MT,7,16484,0
30043,Jefferson,MT,6,12221,0
30045,Judith Basin,MT,0,2007,0
30047,Lake,MT,25,30458,0
30049,Lewis and Clark,MT,40,69432,0
30051,Liberty,MT,1,2337,0
30053,Lincoln,MT,9,19980,1
30055,McCone,MT,0,1664,0
30057,Madison,MT,22,8600,1
30059,Meagher,MT,4,1862,0
30061,Mineral,MT,0,4397,0
30063,Missoula,MT,123,119600,1
30065,Musselshell,MT,1,4633,0
30067,Park,MT,17,16606,0
30069,Petroleum,MT,0,487,0
30071,Phillips,MT,0,3954,0
30073,Pondera,MT,2,5911,0
30075,Powder River,MT,0,1682,0
30077,Powell,MT,0,6890,0
30079,Prairie,MT,0,1077,0
30081,Ravalli,MT,39,43806,0
30083,Richland,MT,22,10803,0
30085,Roosevelt,MT,7,11004,0
30087,Rosebud,MT,10,8937,1
30089,Sanders,MT,0,12113,0
30091,Sheridan,MT,1,3309,0
30093,Silver Bow,MT,22,34915,0
30095,Stillwater,MT,7,9642,0
30097,Sweet Grass,MT,0,3737,0
30099,Teton,MT,10,6147,0
30101,Toole,MT,31,4736,6
30103,Treasure,MT,2,696,0
30105,Valley,MT,4,7396,0
30107,Wheatland,MT,2,2126,0
30109,Wibaux,MT,0,969,0
30111,Yellowstone,MT,331,161300,4
31001,Adams,NE,304,31363,11
31003,Antelope,NE,9,6298,1
31005,Arthur,NE,0,463,0
31007,Banner,NE,2,745,0
31009,Blaine,NE,0,465,0
31011,Boone,NE,7,5192,0
31013,Box Butte,NE,3,10783,0
31015,Boyd,NE,1,1919,0
31017,Brown,NE,0,2955,0
31019,Buffalo,NE,198,49659,1
31021,Burt,NE,14,6459,0
31023,Butler,NE,52,8016,0
31025,Cass,NE,76,26248,1
31027,Cedar,NE,18,8402,0
31029,Chase,NE,1,3924,0
31031,Cherry,NE,2,5689,0
31033,Cheyenne,NE,20,8910,0
31035,Clay,NE,28,6203,0
31037,Colfax,NE,671,10709,4
31039,Cuming,NE,38,8846,0
31041,Custer,NE,40,10777,3
31043,Dakota,NE,1781,20026,34
31045,Dawes,NE,4,8589,0
31047,Dawson,NE,867,23595,8
31049,Deuel,NE,0,1794,0
31051,Dixon,NE,52,5636,2
31053,Dodge,NE,699,36565,8
31055,Douglas,NE,7684,571327,97
31057,Dundy,NE,0,1693,0
31059,Fillmore,NE,17,5462,1
31061,Franklin,NE,8,2979,0
31063,Frontier,NE,1,2627,0
31065,Furnas,NE,10,4676,1
31067,Gage,NE,59,21513,3
31069,Garden,NE,4,1837,0
31071,Garfield,NE,1,1969,0
31073,Gosper,NE,13,1990,0
31075,Grant,NE,0,623,0
31077,Greeley,NE,5,2356,0
31079,Hall,NE,1611,61353,47
31081,Hamilton,NE,67,9324,12
31083,Harlan,NE,1,3380,0
31085,Hayes,NE,0,922,0
31087,Hitchcock,NE,1,2762,0
31089,Holt,NE,4,10067,0
31091,Hooker,NE,2,682,0
31093,Howard,NE,44,6445,4
31095,Jefferson,NE,10,7046,0
31097,Johnson,NE,7,5071,0
31099,Kearney,NE,17,6495,0
31101,Keith,NE,4,8034,0
31103,Keya Paha,NE,0,806,0
31105,Kimball,NE,11,3632,0
31107,Knox,NE,25,8332,0
31109,Lancaster,NE,1963,319090,13
31111,Lincoln,NE,63,34914,2
31113,Logan,NE,0,748,0
31115,Loup,NE,0,664,0
31117,McPherson,NE,0,494,0
31119,Madison,NE,379,35099,4
31121,Merrick,NE,39,7755,0
31123,Morrill,NE,51,4642,0
31125,Nance,NE,4,3519,0
31127,Nemaha,NE,5,6972,0
31129,Nuckolls,NE,1,4148,0
31131,Otoe,NE,25,16012,0
31133,Pawnee,NE,0,2613,0
31135,Perkins,NE,0,2891,0
31137,Phelps,NE,27,9034,0
31139,Pierce,NE,10,7148,0
31141,Platte,NE,681,33470,3
31143,Polk,NE,13,5213,0
31145,Red Willow,NE,8,10724,0
31147,Richardson,NE,5,7865,1
31149,Rock,NE,2,1357,0
31151,Saline,NE,544,14224,2
31153,Sarpy,NE,1272,187196,8
31155,Saunders,NE,83,21578,2
31157,Scotts Bluff,NE,231,35618,5
31159,Seward,NE,46,17284,1
31161,Sheridan,NE,8,5246,0
31163,Sherman,NE,5,3001,0
31165,Sioux,NE,6,1166,0
31167,Stanton,NE,21,5920,0
31169,Thayer,NE,4,5003,0
31171,Thomas,NE,1,722,0
31173,Thurston,NE,167,7224,1
31175,Valley,NE,8,4158,0
31177,Washington,NE,53,20729,1
31179,Wayne,NE,28,9385,0
31181,Webster,NE,7,3487,0
31183,Wheeler,NE,0,783,0
31185,York,NE,49,13679,0
32001,Churchill,NV,20,24909,1
32003,Clark,NV,20126,2266715,454
32005,Douglas,NV,79,48905,0
32007,Elko,NV,162,52778,1
32009,Esmeralda,NV,0,873,0
32011,Eureka,NV,1,2029,0
32013,Humboldt,NV,86,16831,4
32015,Lander,NV,38,5532,0
32017,Lincoln,NV,2,5183,0
32019,Lyon,NV,135,57510,2
32021,Mineral,NV,5,4505,0
32023,Nye,NV,150,46523,3
32027,Pershing,NV,9,6725,0
32029,Storey,NV,2,4123,0
32031,Washoe,NV,3295,471519,82
32033,White Pine,NV,6,9580,0
32510,Carson City,NV,185,55916,6
33001,Belknap,NH,87,61303,2
33003,Carroll,NH,64,48910,0
33005,Cheshire,NH,74,76085,2
33007,Coos,NH,9,31563,0
33009,Grafton,NH,90,89886,1
33011,Hillsborough,NH,3370,417025,256
33013,Merrimack,NH,421,151391,19
33015,Rockingham,NH,1505,309769,92
33017,Strafford,NH,296,130633,13
33019,Sullivan,NH,35,43146,1
34001,Atlantic,NJ,2962,263670,224
34003,Bergen,NJ,19732,932202,2010
34005,Burlington,NJ,5306,445349,441
34007,Camden,NJ,7573,506471,538
34009,Cape May,NJ,718,92039,76
34011,Cumberland,NJ,3030,149527,149
34013,Essex,NJ,18920,798975,2046
34015,Gloucester,NJ,2691,291636,192
34017,Hudson,NJ,19024,672391,1462
34019,Hunterdon,NJ,1091,124371,124
34021,Mercer,NJ,7751,367430,595
34023,Middlesex,NJ,16956,825062,1348
34025,Monmouth,NJ,9362,618795,825
34027,Morris,NJ,6854,491845,810
34029,Ocean,NJ,9753,607186,986
34031,Passaic,NJ,16978,501826,1204
34033,Salem,NJ,808,62385,77
34035,Somerset,NJ,4950,328934,537
34037,Sussex,NJ,1219,140488,194
34039,Union,NJ,16443,556341,1330
34041,Warren,NJ,1262,105267,164
35001,Bernalillo,NM,2717,679121,92
35003,Catron,NM,2,3527,1
35005,Chaves,NM,147,64615,2
35006,Cibola,NM,243,26675,14
35007,Colfax,NM,9,11941,1
35009,Curry,NM,207,48954,0
35011,De Baca,NM,0,1748,0
35013,Dona Ana,NM,1285,218195,11
35015,Eddy,NM,116,58460,1
35017,Grant,NM,27,26998,0
35019,Guadalupe,NM,20,4300,0
35021,Harding,NM,1,625,0
35023,Hidalgo,NM,62,4198,0
35025,Lea,NM,223,71070,0
35027,Lincoln,NM,16,19572,0
35028,Los Alamos,NM,11,19369,0
35029,Luna,NM,113,23709,3
35031,McKinley,NM,3548,71367,184
35033,Mora,NM,0,4521,0
35035,Otero,NM,65,67490,7
35037,Quay,NM,9,8253,1
35039,Rio Arriba,NM,124,38921,1
35041,Roosevelt,NM,74,18500,1
35043,Sandoval,NM,793,146748,30
35045,San Juan,NM,2612,123958,166
35047,San Miguel,NM,23,27277,0
35049,Santa Fe,NM,293,150358,3
35051,Sierra,NM,14,10791,0
35053,Socorro,NM,61,16637,5
35055,Taos,NM,51,32723,1
35057,Torrance,NM,47,15461,1
35059,Union,NM,8,4059,0
35061,Valencia,NM,163,76688,2
36001,Albany,NY,2175,305506,109
36003,Allegany,NY,64,46091,2
36005,Bronx,NY,48076,1418207,4786
36007,Broome,NY,766,190488,60
36009,Cattaraugus,NY,130,76117,6
36011,Cayuga,NY,122,76576,2
36013,Chautauqua,NY,149,126903,3
36015,Chemung,NY,147,83456,3
36017,Chenango,NY,157,47207,6
36019,Clinton,NY,105,80485,4
36021,Columbia,NY,479,59461,47
36023,Cortland,NY,53,47581,1
36025,Delaware,NY,91,44135,4
36027,Dutchess,NY,4248,294218,152
36029,Erie,NY,7544,918702,576
36031,Essex,NY,49,36885,0
36033,Franklin,NY,33,50022,0
36035,Fulton,NY,262,53383,26
36037,Genesee,NY,242,57280,5
36039,Greene,NY,263,47188,13
36041,Hamilton,NY,6,4416,1
36043,Herkimer,NY,181,61319,3
36045,Jefferson,NY,94,109834,0
36047,Kings,NY,60281,2559903,7147
36049,Lewis,NY,31,26296,5
36051,Livingston,NY,134,62914,4
36053,Madison,NY,367,70941,9
36055,Monroe,NY,4004,741770,245
36057,Montgomery,NY,121,49221,4
36059,Nassau,NY,42088,1356924,2188
36061,New York,NY,28920,1628706,3104
36063,Niagara,NY,1297,209281,85
36065,Oneida,NY,1760,228671,102
36067,Onondaga,NY,2997,460528,167
36069,Ontario,NY,283,109777,26
36071,Orange,NY,10798,384940,404
36073,Orleans,NY,285,40352,55
36075,Oswego,NY,207,117124,3
36077,Otsego,NY,86,59493,4
36079,Putnam,NY,1340,98320,63
36081,Queens,NY,66024,2253858,7090
36083,Rensselaer,NY,578,158714,33
36085,Richmond,NY,14225,476143,1063
36087,Rockland,NY,13668,325789,506
36089,St. Lawrence,NY,226,107740,3
36091,Saratoga,NY,578,229863,15
36093,Schenectady,NY,843,155299,36
36095,Schoharie,NY,59,30999,2
36097,Schuyler,NY,13,17807,0
36099,Seneca,NY,71,34016,1
36101,Steuben,NY,271,95379,29
36103,Suffolk,NY,41730,1476601,1984
36105,Sullivan,NY,1459,75432,35
36107,Tioga,NY,150,48203,20
36109,Tompkins,NY,179,102180,0
36111,Ulster,NY,1843,177573,81
36113,Warren,NY,273,63944,30
36115,Washington,NY,247,61204,14
36117,Wayne,NY,191,89918,2
36119,Westchester,NY,35106,967506,1431
36121,Wyoming,NY,97,39859,5
36123,Yates,NY,48,24913,6
37001,Alamance,NC,1319,169509,37
37003,Alexander,NC,138,37497,1
37005,Alleghany,NC,37,11137,0
37007,Anson,NC,171,24446,1
37009,Ashe,NC,61,27203,1
37011,Avery,NC,19,17557,0
37013,Beaufort,NC,118,46994,0
37015,Bertie,NC,152,18947,4
37017,Bladen,NC,411,32722,4
37019,Brunswick,NC,698,142820,7
37021,Buncombe,NC,737,261191,29
37023,Burke,NC,1134,90485,20
37025,Cabarrus,NC,1424,216453,33
37027,Caldwell,NC,546,82178,4
37029,Camden,NC,34,10867,1
37031,Carteret,NC,111,69473,3
37033,Caswell,NC,148,22604,2
37035,Catawba,NC,1066,159551,13
37037,Chatham,NC,1001,74470,43
37039,Cherokee,NC,51,28612,2
37041,Chowan,NC,31,13943,0
37043,Clay,NC,11,11231,0
37045,Cleveland,NC,423,97947,6
37047,Columbus,NC,577,55508,39
37049,Craven,NC,411,102139,8
37051,Cumberland,NC,1440,335509,41
37053,Currituck,NC,22,27763,0
37055,Dare,NC,81,37009,1
37057,Davidson,NC,1134,167609,15
37059,Davie,NC,235,42846,3
37061,Duplin,NC,1620,58741,28
37063,Durham,NC,4182,321488,67
37065,Edgecombe,NC,352,51472,9
37067,Forsyth,NC,3450,382295,37
37069,Franklin,NC,413,69685,21
37071,Gaston,NC,1479,224529,14
37073,Gates,NC,28,11562,2
37075,Graham,NC,10,8441,0
37077,Granville,NC,859,60443,23
37079,Greene,NC,191,21069,3
37081,Guilford,NC,3275,537174,118
37083,Halifax,NC,341,50010,4
37085,Harnett,NC,721,135976,30
37087,Haywood,NC,109,62317,0
37089,Henderson,NC,789,117417,50
37091,Hertford,NC,174,23677,10
37093,Hoke,NC,423,55234,3
37095,Hyde,NC,23,4937,0
37097,Iredell,NC,956,181806,9
37099,Jackson,NC,154,43938,1
37101,Johnston,NC,1825,209339,33
37103,Jones,NC,37,9419,3
37105,Lee,NC,888,61779,8
37107,Lenoir,NC,401,55949,11
37109,Lincoln,NC,341,86111,1
37111,McDowell,NC,292,45756,2
37113,Macon,NC,298,35858,1
37115,Madison,NC,15,21755,0
37117,Martin,NC,152,22440,5
37119,Mecklenburg,NC,13489,1110356,158
37121,Mitchell,NC,52,14964,0
37123,Montgomery,NC,362,27173,9
37125,Moore,NC,554,100880,13
37127,Nash,NC,571,94298,6
37129,New Hanover,NC,1242,234473,7
37131,Northampton,NC,189,19483,15
37133,Onslow,NC,367,197938,3
37135,Orange,NC,850,148476,42
37137,Pamlico,NC,28,12726,0
37139,Pasquotank,NC,233,39824,17
37141,Pender,NC,314,63060,2
37143,Perquimans,NC,37,13463,2
37145,Person,NC,124,39490,1
37147,Pitt,NC,858,180742,6
37149,Polk,NC,90,20724,4
37151,Randolph,NC,1353,143667,31
37153,Richmond,NC,332,44829,7
37155,Robeson,NC,1434,130625,43
37157,Rockingham,NC,274,91010,2
37159,Rowan,NC,1382,142088,42
37161,Rutherford,NC,360,67029,9
37163,Sampson,NC,1128,63531,7
37165,Scotland,NC,157,34823,2
37167,Stanly,NC,484,62806,5
37169,Stokes,NC,148,45591,1
37171,Surry,NC,535,71783,2
37173,Swain,NC,68,14271,1
37175,Transylvania,NC,38,34385,1
37177,Tyrrell,NC,30,4016,0
37179,Union,NC,1579,239859,25
37181,Vance,NC,536,44535,40
37183,Wake,NC,6471,1111761,54
37185,Warren,NC,175,19731,5
37187,Washington,NC,43,11580,3
37189,Watauga,NC,104,56177,0
37191,Wayne,NC,1935,123131,30
37193,Wilkes,NC,600,68412,6
37195,Wilson,NC,837,81801,23
37197,Yadkin,NC,358,37667,5
37199,Yancey,NC,50,18069,0
38001,Adams,ND,0,2216,0
38003,Barnes,ND,23,10415,0
38005,Benson,ND,9,6832,0
38007,Billings,ND,1,928,0
38009,Bottineau,ND,5,6282,0
38011,Bowman,ND,1,3024,0
38013,Burke,ND,6,2115,0
38015,Burleigh,ND,363,95626,0
38017,Cass,ND,2373,181923,70
38019,Cavalier,ND,6,3762,0
38021,Dickey,ND,4,4872,0
38023,Divide,ND,1,2264,0
38025,Dunn,ND,15,4424,0
38027,Eddy,ND,5,2287,0
38029,Emmons,ND,4,3241,1
38031,Foster,ND,4,3210,0
38033,Golden Valley,ND,0,1761,0
38035,Grand Forks,ND,411,69451,4
38037,Grant,ND,3,2274,0
38039,Griggs,ND,2,2231,0
38041,Hettinger,ND,1,2499,0
38043,Kidder,ND,2,2480,0
38045,LaMoure,ND,13,4046,0
38047,Logan,ND,1,1850,0
38049,McHenry,ND,6,5745,1
38051,McIntosh,ND,3,2497,0
38053,McKenzie,ND,29,15024,0
38055,McLean,ND,11,9450,0
38057,Mercer,ND,7,8187,0
38059,Morton,ND,116,31364,2
38061,Mountrail,ND,54,10545,0
38063,Nelson,ND,2,2879,0
38065,Oliver,ND,2,1959,0
38067,Pembina,ND,13,6801,0
38069,Pierce,ND,6,3975,0
38071,Ramsey,ND,18,11519,1
38073,Ransom,ND,19,5218,0
38075,Renville,ND,5,2327,0
38077,Richland,ND,43,16177,0
38079,Rolette,ND,11,14176,0
38081,Sargent,ND,7,3898,0
38083,Sheridan,ND,2,1315,0
38085,Sioux,ND,29,4230,0
38087,Slope,ND,3,750,0
38089,Stark,ND,83,31489,3
38091,Steele,ND,3,1890,0
38093,Stutsman,ND,65,20704,2
38095,Towner,ND,1,2189,0
38097,Traill,ND,22,8036,0
38099,Walsh,ND,31,10641,0
38101,Ward,ND,65,67641,1
38103,Wells,ND,9,3834,0
38105,Williams,ND,53,37589,0
39001,Adams,OH,24,27698,1
39003,Allen,OH,328,102351,41
39005,Ashland,OH,62,53484,1
39007,Ashtabula,OH,437,97241,44
39009,Athens,OH,79,65327,1
39011,Auglaize,OH,107,45656,4
39013,Belmont,OH,555,67006,22
39015,Brown,OH,59,43432,1
39017,Butler,OH,1674,383134,47
39019,Carroll,OH,60,26914,3
39021,Champaign,OH,44,38885,1
39023,Clark,OH,780,134083,9
39025,Clermont,OH,431,206428,7
39027,Clinton,OH,68,41968,0
39029,Columbiana,OH,1309,101883,60
39031,Coshocton,OH,130,36600,2
39033,Crawford,OH,136,41494,5
39035,Cuyahoga,OH,8277,1235072,383
39037,Darke,OH,253,51113,26
39039,Defiance,OH,53,38087,3
39041,Delaware,OH,617,209177,15
39043,Erie,OH,250,74266,22
39045,Fairfield,OH,605,157574,17
39047,Fayette,OH,48,28525,0
39049,Franklin,OH,10879,1316756,439
39051,Fulton,OH,63,42126,0
39053,Gallia,OH,20,29898,1
39055,Geauga,OH,414,93649,43
39057,Greene,OH,287,168937,9
39059,Guernsey,OH,76,38875,3
39061,Hamilton,OH,6287,817473,206
39063,Hancock,OH,83,75783,1
39065,Hardin,OH,123,31365,12
39067,Harrison,OH,12,15040,1
39069,Henry,OH,32,27006,0
39071,Highland,OH,46,43161,1
39073,Hocking,OH,79,28264,8
39075,Holmes,OH,245,43960,3
39077,Huron,OH,228,58266,2
39079,Jackson,OH,26,32413,0
39081,Jefferson,OH,92,65325,2
39083,Knox,OH,53,62322,1
39085,Lake,OH,529,230149,20
39087,Lawrence,OH,74,59463,0
39089,Licking,OH,520,176862,12
39091,Logan,OH,65,45672,1
39093,Lorain,OH,1064,309833,68
39095,Lucas,OH,2836,428348,303
39097,Madison,OH,202,44731,9
39099,Mahoning,OH,1861,228683,239
39101,Marion,OH,2736,65093,39
39103,Medina,OH,543,179746,32
39105,Meigs,OH,12,22907,0
39107,Mercer,OH,290,41172,9
39109,Miami,OH,475,106987,31
39111,Monroe,OH,89,13654,17
39113,Montgomery,OH,2201,531687,31
39115,Morgan,OH,11,14508,0
39117,Morrow,OH,118,35328,1
39119,Muskingum,OH,89,86215,1
39121,Noble,OH,11,14424,0
39123,Ottawa,OH,160,40525,24
39125,Paulding,OH,26,18672,0
39127,Perry,OH,37,36134,1
39129,Pickaway,OH,2205,58457,41
39131,Pike,OH,24,27772,0
39133,Portage,OH,461,162466,59
39135,Preble,OH,80,40882,1
39137,Putnam,OH,132,33861,15
39139,Richland,OH,351,121154,5
39141,Ross,OH,132,76666,3
39143,Sandusky,OH,138,58518,14
39145,Scioto,OH,54,75314,0
39147,Seneca,OH,35,55178,2
39149,Shelby,OH,70,48590,4
39151,Stark,OH,1156,370606,113
39153,Summit,OH,2241,541013,207
39155,Trumbull,OH,997,197974,74
39157,Tuscarawas,OH,585,91987,10
39159,Union,OH,92,58988,1
39161,Van Wert,OH,42,28275,0
39163,Vinton,OH,22,13085,2
39165,Warren,OH,895,234602,25
39167,Washington,OH,140,59911,20
39169,Wayne,OH,365,115710,52
39171,Williams,OH,72,36692,2
39173,Wood,OH,452,130817,51
39175,Wyandot,OH,60,21772,5
40001,Adair,OK,130,22194,4
40003,Alfalfa,OK,1,5702,0
40005,Atoka,OK,30,13758,0
40007,Beaver,OK,32,5311,0
40009,Beckham,OK,13,21859,0
40011,Blaine,OK,18,9429,0
40013,Bryan,OK,146,47995,1
40015,Caddo,OK,200,28762,11
40017,Canadian,OK,409,148306,3
40019,Carter,OK,151,48111,2
40021,Cherokee,OK,97,48657,1
40023,Choctaw,OK,121,14672,1
40025,Cimarron,OK,1,2137,0
40027,Cleveland,OK,1186,284014,40
40029,Coal,OK,10,5495,0
40031,Comanche,OK,463,120749,7
40033,Cotton,OK,9,5666,2
40035,Craig,OK,23,14142,0
40037,Creek,OK,194,71522,7
40039,Custer,OK,69,29003,0
40041,Delaware,OK,200,43009,17
40043,Dewey,OK,4,4891,0
40045,Ellis,OK,2,3859,0
40047,Garfield,OK,86,61056,2
40049,Garvin,OK,98,27711,2
40051,Grady,OK,212,55834,5
40053,Grant,OK,2,4333,0
40055,Greer,OK,67,5712,7
40057,Harmon,OK,3,2653,0
40059,Harper,OK,1,3688,0
40061,Haskell,OK,15,12627,0
40063,Hughes,OK,13,13279,0
40065,Jackson,OK,54,24530,3
40067,Jefferson,OK,13,6002,0
40069,Johnston,OK,15,11085,0
40071,Kay,OK,115,43538,8
40073,Kingfisher,OK,38,15765,0
40075,Kiowa,OK,15,8708,1
40077,Latimer,OK,14,10073,1
40079,Le Flore,OK,48,49853,1
40081,Lincoln,OK,38,34877,2
40083,Logan,OK,70,48011,1
40085,Love,OK,40,10253,0
40087,McClain,OK,221,40474,4
40089,McCurtain,OK,581,32832,9
40091,McIntosh,OK,71,19596,1
40093,Major,OK,9,7629,1
40095,Marshall,OK,43,16931,0
40097,Mayes,OK,105,41100,5
40099,Murray,OK,23,14073,0
40101,Muskogee,OK,159,67997,12
40103,Noble,OK,48,11131,1
40105,Nowata,OK,37,10076,1
40107,Okfuskee,OK,16,11993,0
40109,Oklahoma,OK,4039,797434,71
40111,Okmulgee,OK,113,38465,0
40113,Osage,OK,188,46963,8
40115,Ottawa,OK,121,31127,2
40117,Pawnee,OK,61,16376,2
40119,Payne,OK,455,81784,1
40121,Pittsburg,OK,69,43654,3
40123,Pontotoc,OK,63,38284,2
40125,Pottawatomie,OK,134,72592,4
40127,Pushmataha,OK,17,11096,0
40129,Roger Mills,OK,0,3583,0
40131,Rogers,OK,278,92459,7
40133,Seminole,OK,48,24258,3
40135,Sequoyah,OK,57,41569,3
40137,Stephens,OK,74,43143,1
40139,Texas,OK,998,19983,6
40141,Tillman,OK,25,7250,1
40143,Tulsa,OK,4571,651552,72
40145,Wagoner,OK,336,81289,19
40147,Washington,OK,437,51527,39
40149,Washita,OK,6,10916,0
40151,Woods,OK,9,8793,0
40153,Woodward,OK,15,20211,0
41001,Baker,OR,8,16124,0
41003,Benton,OR,98,93053,6
41005,Clackamas,OR,894,418187,25
41007,Clatsop,OR,55,40224,0
41009,Columbia,OR,45,52354,0
41011,Coos,OR,48,64487,0
41013,Crook,OR,15,24404,0
41015,Curry,OR,9,22925,0
41017,Deschutes,OR,224,197692,0
41019,Douglas,OR,56,110980,0
41021,Gilliam,OR,1,1912,0
41023,Grant,OR,1,7199,0
41025,Harney,OR,2,7393,0
41027,Hood River,OR,98,23382,0
41029,Jackson,OR,157,220944,0
41031,Jefferson,OR,137,24658,0
41033,Josephine,OR,61,87487,1
41035,Klamath,OR,131,68238,1
41037,Lake,OR,22,7869,0
41039,Lane,OR,253,382067,3
41041,Lincoln,OR,349,49962,4
41043,Linn,OR,165,129749,10
41045,Malheur,OR,235,30571,1
41047,Marion,OR,1697,347818,51
41049,Morrow,OR,119,11603,1
41051,Multnomah,OR,2608,812855,72
41053,Polk,OR,166,86085,12
41055,Sherman,OR,3,1780,0
41057,Tillamook,OR,15,27036,0
41059,Umatilla,OR,834,77950,6
41061,Union,OR,363,26835,1
41063,Wallowa,OR,11,7208,0
41065,Wasco,OR,97,26682,1
41067,Washington,OR,1676,601592,20
41069,Wheeler,OR,0,1332,0
41071,Yamhill,OR,164,107100,9
42001,Adams,PA,361,103009,13
42003,Allegheny,PA,4209,1216045,190
42005,Armstrong,PA,79,64735,6
42007,Beaver,PA,785,163929,79
42009,Bedford,PA,90,47888,4
42011,Berks,PA,4623,421164,355
42013,Blair,PA,90,121829,1
42015,Bradford,PA,59,60323,3
42017,Bucks,PA,5967,628270,570
42019,Butler,PA,390,187853,13
42021,Cambria,PA,110,130192,3
42023,Cameron,PA,4,4447,0
42025,Carbon,PA,291,64182,27
42027,Centre,PA,232,162385,8
42029,Chester,PA,3892,524989,332
42031,Clarion,PA,49,38438,2
42033,Clearfield,PA,82,79255,0
42035,Clinton,PA,86,38632,4
42037,Columbia,PA,413,64964,35
42039,Crawford,PA,74,84629,1
42041,Cumberland,PA,912,253370,64
42043,Dauphin,PA,2236,278299,143
42045,Delaware,PA,7427,566747,662
42047,Elk,PA,28,29910,0
42049,Erie,PA,691,269728,12
42051,Fayette,PA,160,129274,4
42053,Forest,PA,7,7247,0
42055,Franklin,PA,984,155027,44
42057,Fulton,PA,18,14530,1
42059,Greene,PA,52,36233,0
42061,Huntingdon,PA,254,45144,4
42063,Indiana,PA,119,84073,6
42065,Jefferson,PA,33,43425,1
42067,Juniata,PA,114,24763,6
42069,Lackawanna,PA,1743,209674,208
42071,Lancaster,PA,4673,545724,372
42073,Lawrence,PA,141,85512,9
42075,Lebanon,PA,1399,141793,45
42077,Lehigh,PA,4354,369318,312
42079,Luzerne,PA,2967,317417,179
42081,Lycoming,PA,232,113299,20
42083,McKean,PA,20,40625,1
42085,Mercer,PA,159,109424,6
42087,Mifflin,PA,68,46138,1
42089,Monroe,PA,1451,170271,111
42091,Montgomery,PA,8718,830915,818
42093,Montour,PA,76,18230,2
42095,Northampton,PA,3500,305285,276
42097,Northumberland,PA,334,90843,8
42099,Perry,PA,89,46272,5
42101,Philadelphia,PA,22392,1584064,1628
42103,Pike,PA,504,55809,21
42105,Potter,PA,17,16526,0
42107,Schuylkill,PA,761,141359,47
42109,Snyder,PA,71,40372,2
42111,Somerset,PA,67,73447,1
42113,Sullivan,PA,10,6066,0
42115,Susquehanna,PA,190,40328,25
42117,Tioga,PA,27,40591,2
42119,Union,PA,98,44923,2
42121,Venango,PA,34,50668,0
42123,Warren,PA,7,39191,1
42125,Washington,PA,356,206865,6
42127,Wayne,PA,141,51361,8
42129,Westmoreland,PA,896,348899,39
42131,Wyoming,PA,40,26794,7
42133,York,PA,1692,449058,57
44001,Bristol,RI,256,48479,15
44003,Kent,RI,1234,164292,97
44005,Newport,RI,331,82082,4
44007,Providence,RI,13144,638931,773
44009,Washington,RI,538,125577,61
45001,Abbeville,SC,137,24527,1
45003,Aiken,SC,545,170872,11
45005,Allendale,SC,64,8688,3
45007,Anderson,SC,886,202558,15
45009,Bamberg,SC,154,14066,1
45011,Barnwell,SC,101,20866,1
45013,Beaufort,SC,1680,192122,22
45015,Berkeley,SC,1783,227907,24
45017,Calhoun,SC,113,14553,1
45019,Charleston,SC,6336,411406,47
45021,Cherokee,SC,216,57300,8
45023,Chester,SC,239,32244,2
45025,Chesterfield,SC,421,45650,15
45027,Clarendon,SC,454,33745,43
45029,Colleton,SC,410,37677,22
45031,Darlington,SC,515,66618,16
45033,Dillon,SC,356,30479,13
45035,Dorchester,SC,1230,162809,6
45037,Edgefield,SC,105,27260,3
45039,Fairfield,SC,324,22347,22
45041,Florence,SC,1458,138293,56
45043,Georgetown,SC,690,62680,7
45045,Greenville,SC,6227,523542,95
45047,Greenwood,SC,648,70811,7
45049,Hampton,SC,88,19222,2
45051,Horry,SC,5014,354081,62
45053,Jasper,SC,215,30073,3
45055,Kershaw,SC,799,66551,17
45057,Lancaster,SC,567,98012,13
45059,Laurens,SC,643,67493,12
45061,Lee,SC,331,16828,22
45063,Lexington,SC,2591,298750,56
45065,McCormick,SC,28,9463,2
45067,Marion,SC,285,30657,9
45069,Marlboro,SC,327,26118,4
45071,Newberry,SC,344,38440,5
45073,Oconee,SC,358,79546,1
45075,Orangeburg,SC,982,86175,18
45077,Pickens,SC,1039,126884,6
45079,Richland,SC,4281,415759,92
45081,Saluda,SC,249,20473,2
45083,Spartanburg,SC,2082,319785,56
45085,Sumter,SC,1254,106721,26
45087,Union,SC,127,27316,0
45089,Williamsburg,SC,459,30368,15
45091,York,SC,1615,280979,12
46003,Aurora,SD,34,2751,0
46005,Beadle,SD,549,18453,7
46007,Bennett,SD,4,3365,0
46009,Bon Homme,SD,12,6901,0
46011,Brookings,SD,86,35077,0
46013,Brown,SD,350,38839,2
46015,Brule,SD,30,5297,0
46017,Buffalo,SD,79,1962,3
46019,Butte,SD,1,10429,0
46021,Campbell,SD,1,1376,0
46023,Charles Mix,SD,95,9292,0
46025,Clark,SD,15,3736,0
46027,Clay,SD,90,14070,0
46029,Codington,SD,86,28009,0
46031,Corson,SD,19,4086,0
46033,Custer,SD,10,8972,0
46035,Davison,SD,50,19775,0
46037,Day,SD,19,5424,0
46039,Deuel,SD,4,4351,0
46041,Dewey,SD,12,5892,0
46043,Douglas,SD,10,2921,0
46045,Edmunds,SD,8,3829,0
46047,Fall River,SD,13,6713,0
46049,Faulk,SD,23,2299,1
46051,Grant,SD,14,7052,0
46053,Gregory,SD,4,4185,0
46055,Haakon,SD,1,1899,0
46057,Hamlin,SD,13,6164,0
46059,Hand,SD,7,3191,0
46061,Hanson,SD,12,3453,0
46063,Harding,SD,0,1298,0
46065,Hughes,SD,66,17526,0
46067,Hutchinson,SD,15,7291,0
46069,Hyde,SD,3,1301,0
46071,Jackson,SD,6,3344,1
46073,Jerauld,SD,39,2013,1
46075,Jones,SD,1,903,0
46077,Kingsbury,SD,6,4939,0
46079,Lake,SD,22,12797,1
46081,Lawrence,SD,19,25844,0
46083,Lincoln,SD,376,61128,1
46085,Lyman,SD,75,3781,1
46087,McCook,SD,14,5586,1
46089,McPherson,SD,5,2379,0
46091,Marshall,SD,5,4935,0
46093,Meade,SD,53,28332,1
46095,Mellette,SD,6,2061,0
46097,Miner,SD,10,2216,0
46099,Minnehaha,SD,3706,193134,59
46101,Moody,SD,23,6576,0
46102,Oglala Lakota,SD,103,14177,0
46103,Pennington,SD,606,113775,17
46105,Perkins,SD,0,2865,0
46107,Potter,SD,0,2153,0
46109,Roberts,SD,52,10394,0
46111,Sanborn,SD,12,2344,0
46115,Spink,SD,12,6376,0
46117,Stanley,SD,14,3098,0
46119,Sully,SD,1,1391,0
46121,Todd,SD,59,10177,1
46123,Tripp,SD,18,5441,0
46125,Turner,SD,27,8384,0
46127,Union,SD,138,15932,1
46129,Walworth,SD,16,5435,0
46135,Yankton,SD,82,22814,0
46137,Ziebach,SD,1,2756,0
47001,Anderson,TN,166,76978,2
47003,Bedford,TN,589,49713,8
47005,Benton,TN,13,16160,1
47007,Bledsoe,TN,624,15064,1
47009,Blount,TN,272,133088,3
47011,Bradley,TN,874,108110,4
47013,Campbell,TN,62,39842,1
47015,Cannon,TN,41,14678,0
47017,Carroll,TN,49,27767,1
47019,Carter,TN,75,56391,1
47021,Cheatham,TN,243,40667,2
47023,Chester,TN,48,17297,0
47025,Claiborne,TN,59,31959,0
47027,Clay,TN,18,7615,0
47029,Cocke,TN,116,36004,0
47031,Coffee,TN,132,56520,0
47033,Crockett,TN,44,14230,3
47035,Cumberland,TN,193,60520,4
47037,Davidson,TN,12234,694144,132
47039,Decatur,TN,24,11663,0
47041,DeKalb,TN,70,20490,0
47043,Dickson,TN,231,53948,0
47045,Dyer,TN,270,37159,3
47047,Fayette,TN,344,41133,3
47049,Fentress,TN,25,18523,0
47051,Franklin,TN,101,42208,3
47053,Gibson,TN,147,49133,1
47055,Giles,TN,77,29464,1
47057,Grainger,TN,48,23320,0
47059,Greene,TN,122,69069,2
47061,Grundy,TN,65,13427,2
47063,Hamblen,TN,397,64934,4
47065,Hamilton,TN,3007,367804,36
47067,Hancock,TN,9,6620,0
47069,Hardeman,TN,374,25050,4
47071,Hardin,TN,119,25652,7
47073,Hawkins,TN,66,56786,2
47075,Haywood,TN,108,17304,2
47077,Henderson,TN,56,28117,0
47079,Henry,TN,47,32345,0
47081,Hickman,TN,95,25178,0
47083,Houston,TN,16,8201,0
47085,Humphreys,TN,35,18582,2
47087,Jackson,TN,33,11786,0
47089,Jefferson,TN,148,54495,1
47091,Johnson,TN,44,17788,0
47093,Knox,TN,1392,470313,9
47095,Lake,TN,696,7016,0
47097,Lauderdale,TN,164,25633,3
47099,Lawrence,TN,192,44142,6
47101,Lewis,TN,7,12268,0
47103,Lincoln,TN,78,34366,0
47105,Loudon,TN,302,54068,1
47107,McMinn,TN,255,53794,18
47109,McNairy,TN,84,25694,1
47111,Macon,TN,511,24602,4
47113,Madison,TN,339,97984,2
47115,Marion,TN,87,28907,4
47117,Marshall,TN,101,34375,1
47119,Maury,TN,406,96387,3
47121,Meigs,TN,34,12422,0
47123,Monroe,TN,141,46545,6
47125,Montgomery,TN,620,208993,7
47127,Moore,TN,17,6488,0
47129,Morgan,TN,29,21403,1
47131,Obion,TN,117,30069,2
47133,Overton,TN,67,22241,1
47135,Perry,TN,35,8076,0
47137,Pickett,TN,6,5048,0
47139,Polk,TN,48,16832,0
47141,Putnam,TN,926,80245,7
47143,Rhea,TN,293,33167,0
47145,Roane,TN,71,53382,0
47147,Robertson,TN,875,71813,11
47149,Rutherford,TN,3234,332285,37
47151,Scott,TN,21,22068,0
47153,Sequatchie,TN,42,15026,0
47155,Sevier,TN,857,98250,3
47157,Shelby,TN,12549,937166,208
47159,Smith,TN,136,20157,2
47161,Stewart,TN,25,13715,0
47163,Sullivan,TN,159,158348,2
47165,Sumner,TN,1727,191283,55
47167,Tipton,TN,662,61599,5
47169,Trousdale,TN,1503,11284,5
47171,Unicoi,TN,56,17883,0
47173,Union,TN,19,19972,0
47175,Van Buren,TN,7,5872,0
47177,Warren,TN,100,41277,0
47179,Washington,TN,197,129375,0
47181,Wayne,TN,90,16673,0
47183,Weakley,TN,67,33328,1
47185,White,TN,77,27345,3
47187,Williamson,TN,1515,238412,15
47189,Wilson,TN,1060,144657,17
48001,Anderson,TX,1152,57735,3
48003,Andrews,TX,120,18705,2
48005,Angelina,TX,610,86715,9
48007,Aransas,TX,46,23510,0
48009,Archer,TX,11,8553,0
48011,Armstrong,TX,3,1887,0
48013,Atascosa,TX,152,51153,2
48015,Austin,TX,105,30032,0
48017,Bailey,TX,109,7000,1
48019,Bandera,TX,27,23112,0
48021,Bastrop,TX,619,88723,7
48023,Baylor,TX,1,3509,0
48025,Bee,TX,98,32565,0
48027,Bell,TX,1734,362924,13
48029,Bexar,TX,15880,2003554,137
48031,Blanco,TX,49,11931,1
48033,Borden,TX,0,654,0
48035,Bosque,TX,33,18685,0
48037,Bowie,TX,467,93245,15
48039,Brazoria,TX,3036,374264,23
48041,Brazos,TX,2626,229211,34
48043,Brewster,TX,147,9203,1
48045,Briscoe,TX,8,1546,0
48047,Brooks,TX,18,7093,0
48049,Brown,TX,117,37864,13
48051,Burleson,TX,120,18443,0
48053,Burnet,TX,203,48155,3
48055,Caldwell,TX,539,43664,3
48057,Calhoun,TX,113,21290,3
48059,Callahan,TX,25,13943,2
48061,Cameron,TX,2997,423163,70
48063,Camp,TX,128,13094,2
48065,Carson,TX,7,5926,0
48067,Cass,TX,52,30026,2
48069,Castro,TX,107,7530,1
48071,Chambers,TX,454,43837,2
48073,Cherokee,TX,270,52646,2
48075,Childress,TX,7,7306,0
48077,Clay,TX,13,10471,0
48079,Cochran,TX,4,2853,0
48081,Coke,TX,5,3387,1
48083,Coleman,TX,4,8175,0
48085,Collin,TX,3825,1034730,50
48087,Collingsworth,TX,6,2920,0
48089,Colorado,TX,111,21493,0
48091,Comal,TX,750,156209,9
48093,Comanche,TX,25,13635,1
48095,Concho,TX,11,2726,0
48097,Cooke,TX,75,41257,0
48099,Coryell,TX,353,75951,2
48101,Cottle,TX,4,1398,1
48103,Crane,TX,62,4797,9
48105,Crockett,TX,16,3464,0
48107,Crosby,TX,30,5737,1
48109,Culberson,TX,4,2171,0
48111,Dallam,TX,104,7287,1
48113,Dallas,TX,28131,2635516,410
48115,Dawson,TX,70,12728,1
48117,Deaf Smith,TX,383,18546,17
48119,Delta,TX,7,5331,0
48121,Denton,TX,3459,887207,37
48123,DeWitt,TX,110,20160,3
48125,Dickens,TX,2,2211,0
48127,Dimmit,TX,18,10124,0
48129,Donley,TX,28,3278,0
48131,Duval,TX,67,11157,0
48133,Eastland,TX,13,18360,0
48135,Ector,TX,946,166223,11
48137,Edwards,TX,2,1932,0
48139,Ellis,TX,1351,184826,19
48141,El Paso,TX,8035,839238,144
48143,Erath,TX,186,42698,1
48145,Falls,TX,44,17297,0
48147,Fannin,TX,122,35514,8
48149,Fayette,TX,134,25346,3
48151,Fisher,TX,11,3830,1
48153,Floyd,TX,49,5712,0
48155,Foard,TX,0,1155,0
48157,Fort Bend,TX,4346,811688,59
48159,Franklin,TX,53,10725,0
48161,Freestone,TX,59,19717,0
48163,Frio,TX,239,20306,0
48165,Gaines,TX,36,21492,0
48167,Galveston,TX,4809,342139,50
48169,Garza,TX,18,6229,0
48171,Gillespie,TX,53,26988,0
48173,Glasscock,TX,6,1409,0
48175,Goliad,TX,15,7658,0
48177,Gonzales,TX,314,20837,4
48179,Gray,TX,126,21886,4
48181,Grayson,TX,688,136212,5
48183,Gregg,TX,652,123945,13
48185,Grimes,TX,617,28880,2
48187,Guadalupe,TX,901,166847,3
48189,Hale,TX,592,33406,7
48191,Hall,TX,2,2964,1
48193,Hamilton,TX,26,8461,1
48195,Hansford,TX,31,5399,2
48197,Hardeman,TX,5,3933,0
48199,Hardin,TX,303,57602,5
48201,Harris,TX,39311,4713325,407
48203,Harrison,TX,389,66553,31
48205,Hartley,TX,40,5576,2
48207,Haskell,TX,6,5658,0
48209,Hays,TX,3243,230191,10
48211,Hemphill,TX,17,3819,0
48213,Henderson,TX,215,82737,4
48215,Hidalgo,TX,5447,868707,75
48217,Hill,TX,117,36649,2
48219,Hockley,TX,96,23021,1
48221,Hood,TX,154,61643,5
48223,Hopkins,TX,78,37084,0
48225,Houston,TX,174,22968,0
48227,Howard,TX,60,36664,1
48229,Hudspeth,TX,16,4886,0
48231,Hunt,TX,616,98594,8
48233,Hutchinson,TX,70,20938,0
48235,Irion,TX,2,1536,0
48237,Jack,TX,12,8935,0
48239,Jackson,TX,68,14760,1
48241,Jasper,TX,69,35529,1
48243,Jeff Davis,TX,4,2274,0
48245,Jefferson,TX,3094,251565,36
48247,Jim Hogg,TX,25,5200,0
48249,Jim Wells,TX,230,40482,0
48251,Johnson,TX,737,175817,4
48253,Jones,TX,611,20083,0
48255,Karnes,TX,60,15601,0
48257,Kaufman,TX,874,136154,5
48259,Kendall,TX,95,47431,0
48261,Kenedy,TX,1,404,0
48263,Kent,TX,0,762,0
48265,Kerr,TX,115,52600,1
48267,Kimble,TX,9,4337,0
48269,King,TX,0,272,0
48271,Kinney,TX,2,3667,0
48273,Kleberg,TX,106,30680,1
48275,Knox,TX,5,3664,0
48277,Lamar,TX,347,49859,13
48279,Lamb,TX,71,12893,0
48281,Lampasas,TX,30,21428,0
48283,La Salle,TX,41,7520,0
48285,Lavaca,TX,198,20154,1
48287,Lee,TX,88,17239,3
48289,Leon,TX,78,17404,0
48291,Liberty,TX,445,88219,3
48293,Limestone,TX,74,23437,1
48295,Lipscomb,TX,11,3233,0
48297,Live Oak,TX,62,12207,0
48299,Llano,TX,24,21795,0
48301,Loving,TX,0,169,0
48303,Lubbock,TX,3051,310569,56
48305,Lynn,TX,45,5951,1
48307,McCulloch,TX,22,7984,0
48309,McLennan,TX,2044,256623,13
48311,McMullen,TX,0,743,0
48313,Madison,TX,75,14284,0
48315,Marion,TX,37,9854,1
48317,Martin,TX,21,5771,1
48319,Mason,TX,35,4274,0
48321,Matagorda,TX,286,36643,5
48323,Maverick,TX,550,58722,5
48325,Medina,TX,335,51584,3
48327,Menard,TX,12,2138,0
48329,Midland,TX,976,176832,19
48331,Milam,TX,120,24823,1
48333,Mills,TX,3,4873,0
48335,Mitchell,TX,18,8545,0
48337,Montague,TX,24,19818,1
48339,Montgomery,TX,2654,607391,38
48341,Moore,TX,909,20940,15
48343,Morris,TX,49,12388,0
48345,Motley,TX,2,1200,0
48347,Nacogdoches,TX,479,65204,29
48349,Navarro,TX,396,50113,6
48351,Newton,TX,12,13595,0
48353,Nolan,TX,49,14714,0
48355,Nueces,TX,4472,362294,27
48357,Ochiltree,TX,60,9836,2
48359,Oldham,TX,4,2112,1
48361,Orange,TX,415,83396,5
48363,Palo Pinto,TX,52,29189,2
48365,Panola,TX,218,23194,24
48367,Parker,TX,473,142878,1
48369,Parmer,TX,229,9605,8
48371,Pecos,TX,135,15823,1
48373,Polk,TX,205,51353,0
48375,Potter,TX,3008,117415,39
48377,Presidio,TX,19,6704,0
48379,Rains,TX,16,12514,0
48381,Randall,TX,971,137713,7
48383,Reagan,TX,15,3849,0
48385,Real,TX,4,3452,0
48387,Red River,TX,117,12023,12
48389,Reeves,TX,59,15976,1
48391,Refugio,TX,37,6948,0
48393,Roberts,TX,6,854,0
48395,Robertson,TX,77,17074,0
48397,Rockwall,TX,420,104915,16
48399,Runnels,TX,17,10264,0
48401,Rusk,TX,292,54406,3
48403,Sabine,TX,28,10542,1
48405,San Augustine,TX,114,8237,7
48407,San Jacinto,TX,64,28859,0
48409,San Patricio,TX,204,66730,0
48411,San Saba,TX,7,6055,0
48413,Schleicher,TX,21,2793,1
48415,Scurry,TX,71,16703,1
48417,Shackelford,TX,5,3265,0
48419,Shelby,TX,288,25274,11
48421,Sherman,TX,30,3022,0
48423,Smith,TX,1098,232751,5
48425,Somervell,TX,20,9128,0
48427,Starr,TX,843,64633,4
48429,Stephens,TX,11,9366,0
48431,Sterling,TX,0,1291,0
48433,Stonewall,TX,0,1350,0
48435,Sutton,TX,13,3776,0
48437,Swisher,TX,45,7397,1
48439,Tarrant,TX,15585,2102515,248
48441,Taylor,TX,573,138034,6
48443,Terrell,TX,2,776,0
48445,Terry,TX,44,12337,0
48447,Throckmorton,TX,1,1501,0
48449,Titus,TX,843,32750,6
48451,Tom Green,TX,595,119200,1
48453,Travis,TX,12408,1273954,151
48455,Trinity,TX,48,14651,0
48457,Tyler,TX,30,21672,0
48459,Upshur,TX,78,41753,0
48461,Upton,TX,7,3657,0
48463,Uvalde,TX,179,26741,1
48465,Val Verde,TX,387,49025,1
48467,Van Zandt,TX,150,56590,3
48469,Victoria,TX,1334,92084,9
48471,Walker,TX,2149,72971,28
48473,Waller,TX,205,55246,0
48475,Ward,TX,29,11998,0
48477,Washington,TX,333,35882,32
48479,Webb,TX,2091,276652,32
48481,Wharton,TX,251,41556,1
48483,Wheeler,TX,19,5056,0
48485,Wichita,TX,512,132230,3
48487,Wilbarger,TX,16,12769,0
48489,Willacy,TX,243,21358,3
48491,Williamson,TX,3151,590551,45
48493,Wilson,TX,146,51070,5
48495,Winkler,TX,38,8010,0
48497,Wise,TX,157,69984,5
48499,Wood,TX,115,45539,5
48501,Yoakum,TX,40,8713,0
48503,Young,TX,38,18010,1
48505,Zapata,TX,63,14179,0
48507,Zavala,TX,29,11840,0
49001,Beaver,UT,12,6710,0
49003,Box Elder,UT,199,56046,1
49005,Cache,UT,1571,128289,2
49007,Carbon,UT,17,20463,0
49009,Daggett,UT,0,950,0
49011,Davis,UT,1575,355481,6
49013,Duchesne,UT,15,19938,0
49015,Emery,UT,9,10012,0
49017,Garfield,UT,18,5051,1
49019,Grand,UT,21,9754,0
49021,Iron,UT,339,54839,1
49023,Juab,UT,28,12017,0
49025,Kane,UT,12,7886,0
49027,Millard,UT,73,13188,0
49029,Morgan,UT,26,12124,0
49031,Piute,UT,4,1479,0
49033,Rich,UT,4,2483,0
49035,Salt Lake,UT,13343,1160437,122
49037,San Juan,UT,425,15308,10
49039,Sanpete,UT,68,30939,0
49041,Sevier,UT,54,21620,0
49043,Summit,UT,543,42145,1
49045,Tooele,UT,304,72259,0
49047,Uintah,UT,36,35734,0
49049,Utah,UT,4894,636235,27
49051,Wasatch,UT,436,34091,4
49053,Washington,UT,1460,177556,5
49055,Wayne,UT,0,2711,0
49057,Weber,UT,1348,260213,14
50001,Addison,VT,68,36777,2
50003,Bennington,VT,73,35470,1
50005,Caledonia,VT,21,29993,0
50007,Chittenden,VT,632,163774,39
50009,Essex,VT,4,6163,0
50011,Franklin,VT,110,49402,6
50013,Grand Isle,VT,10,7235,0
50015,Lamoille,VT,34,25362,1
50017,Orange,VT,10,28892,0
50019,Orleans,VT,14,27037,0
50021,Rutland,VT,75,58191,1
50023,Washington,VT,42,58409,1
50025,Windham,VT,97,42222,3
50027,Windsor,VT,61,55062,2
51001,Accomack,VA,1042,32316,14
51003,Albemarle,VA,498,109330,10
51005,Alleghany,VA,39,14860,2
51007,Amelia,VA,48,13145,1
51009,Amherst,VA,38,31605,0
51011,Appomattox,VA,44,15911,0
51013,Arlington,VA,2558,236842,132
51015,Augusta,VA,201,75558,2
51017,Bath,VA,1,4147,0
51019,Bedford,VA,140,78997,4
51021,Bland,VA,2,6280,0
51023,Botetourt,VA,148,33419,4
51025,Brunswick,VA,117,16231,1
51027,Buchanan,VA,36,21004,0
51029,Buckingham,VA,571,17148,5
51031,Campbell,VA,54,54885,1
51033,Caroline,VA,131,30725,4
51035,Carroll,VA,239,29791,9
51036,Charles City,VA,41,6963,3
51037,Charlotte,VA,33,11880,0
51041,Chesterfield,VA,3078,352802,59
51043,Clarke,VA,59,14619,0
51045,Craig,VA,9,5131,0
51047,Culpeper,VA,831,52605,11
51049,Cumberland,VA,59,9932,0
51051,Dickenson,VA,5,14318,0
51053,Dinwiddie,VA,154,28544,2
51057,Essex,VA,59,10953,0
51059,Fairfax,VA,14253,1147532,495
51061,Fauquier,VA,455,71222,8
51063,Floyd,VA,20,15749,1
51065,Fluvanna,VA,125,27270,8
51067,Franklin,VA,104,56042,1
51069,Frederick,VA,529,89313,6
51071,Giles,VA,18,16720,0
51073,Gloucester,VA,52,37348,1
51075,Goochland,VA,128,23753,6
51077,Grayson,VA,91,15550,2
51079,Greene,VA,76,19819,2
51081,Greensville,VA,370,11336,8
51083,Halifax,VA,70,33911,1
51085,Hanover,VA,456,107766,31
51087,Henrico,VA,2721,330818,165
51089,Henry,VA,315,50557,5
51091,Highland,VA,3,2190,0
51093,Isle of Wight,VA,204,37109,9
51095,James City,VA,313,76523,16
51097,King and Queen,VA,25,7025,1
51099,King George,VA,99,26836,4
51101,King William,VA,47,17148,1
51103,Lancaster,VA,11,10603,0
51105,Lee,VA,15,23423,0
51107,Loudoun,VA,4282,413538,98
51109,Louisa,VA,133,37591,2
51111,Lunenburg,VA,39,12196,0
51113,Madison,VA,46,13261,1
51115,Matthews,VA,6,8834,0
51117,Mecklenburg,VA,250,30587,29
51119,Middlesex,VA,15,10582,0
51121,Montgomery,VA,170,98535,3
51125,Nelson,VA,22,14930,0
51127,New Kent,VA,62,23091,1
51131,Northampton,VA,272,11710,28
51133,Northumberland,VA,37,12095,1
51135,Nottoway,VA,115,15232,3
51137,Orange,VA,154,37051,3
51139,Page,VA,293,23902,23
51141,Patrick,VA,48,17608,1
51143,Pittsylvania,VA,146,60354,1
51145,Powhatan,VA,86,29652,2
51147,Prince Edward,VA,219,22802,6
51149,Prince George,VA,254,38353,2
51153,Prince William,VA,7664,470335,151
51155,Pulaski,VA,48,34027,2
51157,Rappahannock,VA,31,7370,0
51159,Richmond,VA,299,9023,4
51161,Roanoke,VA,296,94186,6
51163,Rockbridge,VA,33,22573,0
51165,Rockingham,VA,758,81948,11
51167,Russell,VA,15,26586,0
51169,Scott,VA,11,21566,2
51171,Shenandoah,VA,601,43616,34
51173,Smyth,VA,42,30104,1
51175,Southampton,VA,166,17631,8
51177,Spotsylvania,VA,1053,136215,31
51179,Stafford,VA,1029,152882,5
51181,Surry,VA,17,6422,1
51183,Sussex,VA,212,11159,5
51185,Tazewell,VA,23,40595,0
51187,Warren,VA,302,40164,8
51191,Washington,VA,70,53740,4
51193,Westmoreland,VA,118,18015,2
51195,Wise,VA,33,37383,2
51197,Wythe,VA,57,28684,1
51199,York,VA,135,68280,3
51510,Alexandria City,VA,2408,159428,57
51520,Bristol city,VA,7,16762,0
51530,Buena Vista city,VA,16,6478,0
51540,Charlottesville City,VA,241,47266,7
51550,Chesapeake City,VA,1088,244835,22
51570,Colonial Heights city,VA,151,17370,18
51580,Covington city,VA,5,5538,0
51590,Danville City,VA,101,40044,2
51595,Emporia city,VA,145,5346,15
51600,Fairfax city,VA,72,24019,7
51610,Falls Church city,VA,54,14617,8
51620,Franklin city,VA,61,7967,2
51630,Fredericksburg City,VA,263,29036,0
51640,Galax city,VA,282,6347,16
51650,Hampton city,VA,409,134510,5
51660,Harrisonburg City,VA,972,53016,28
51670,Hopewell city,VA,191,22529,4
51678,Lexington city,VA,13,7446,0
51680,Lynchburg city,VA,169,82168,1
51683,Manassas City,VA,1464,41085,18
51685,Manassas Park city,VA,449,17478,6
51690,Martinsville city,VA,101,12554,1
51700,Newport News City,VA,634,179225,10
51710,Norfolk City,VA,1194,242742,14
51720,Norton city,VA,4,3981,0
51730,Petersburg city,VA,313,31346,7
51735,Poquoson city,VA,19,12271,0
51740,Portsmouth City,VA,593,94398,18
51750,Radford city,VA,15,18249,0
51760,Richmond City,VA,2321,230436,29
51770,Roanoke city,VA,525,99143,10
51775,Salem city,VA,83,25301,3
51790,Staunton city,VA,84,24932,0
51800,Suffolk City,VA,487,92108,38
51810,Virginia Beach City,VA,1520,449974,30
51820,Waynesboro city,VA,113,22630,0
51830,Williamsburg City,VA,77,14954,6
51840,Winchester city,VA,334,28078,3
53001,Adams,WA,199,19983,0
53003,Asotin,WA,21,22582,2
53005,Benton,WA,2123,204390,88
53007,Chelan,WA,482,77200,6
53009,Clallam,WA,46,77331,0
53011,Clark,WA,990,488241,30
53013,Columbia,WA,8,3985,0
53015,Cowlitz,WA,229,110593,0
53017,Douglas,WA,325,43429,3
53019,Ferry,WA,1,7627,0
53021,Franklin,WA,2140,95222,34
53023,Garfield,WA,0,2225,0
53025,Grant,WA,720,97733,6
53027,Grays Harbor,WA,32,75061,0
53029,Island,WA,199,85141,12
53031,Jefferson,WA,41,32221,0
53033,King,WA,11284,2252782,628
53035,Kitsap,WA,261,271473,2
53037,Kittitas,WA,162,47935,0
53039,Klickitat,WA,73,22425,3
53041,Lewis,WA,79,80707,3
53043,Lincoln,WA,4,10939,0
53045,Mason,WA,55,66768,1
53047,Okanogan,WA,160,42243,2
53049,Pacific,WA,18,22471,1
53051,Pend Oreille,WA,7,13724,0
53053,Pierce,WA,2932,904980,111
53055,San Juan,WA,20,17582,0
53057,Skagit,WA,567,129205,16
53059,Skamania,WA,18,12083,0
53061,Snohomish,WA,3788,822083,178
53063,Spokane,WA,1819,522798,42
53065,Stevens,WA,20,45723,1
53067,Thurston,WA,304,290536,8
53069,Wahkiakum,WA,5,4488,0
53071,Walla Walla,WA,195,60760,3
53073,Whatcom,WA,685,229247,40
53075,Whitman,WA,39,50104,0
53077,Yakima,WA,7753,250873,174
54001,Barbour,WV,17,16441,1
54003,Berkeley,WV,501,119171,10
54005,Boone,WV,28,21457,0
54007,Braxton,WV,3,13957,0
54009,Brooke,WV,15,21939,0
54011,Cabell,WV,173,91945,0
54013,Calhoun,WV,4,7109,0
54015,Clay,WV,11,8508,1
54017,Doddridge,WV,0,8448,0
54019,Fayette,WV,76,42406,4
54021,Gilmer,WV,13,7823,0
54023,Grant,WV,16,11568,0
54025,Greenbrier,WV,67,34662,3
54027,Hampshire,WV,42,23175,1
54029,Hancock,WV,33,28810,0
54031,Hardy,WV,45,13776,0
54033,Harrison,WV,85,67256,1
54035,Jackson,WV,146,28576,18
54037,Jefferson,WV,250,57146,4
54039,Kanawha,WV,364,178124,20
54041,Lewis,WV,20,15907,2
54043,Lincoln,WV,9,20409,0
54045,Logan,WV,30,32019,1
54047,McDowell,WV,6,17624,0
54049,Marion,WV,94,56072,2
54051,Marshall,WV,47,30531,0
54053,Mason,WV,21,26516,0
54055,Mercer,WV,58,58758,0
54057,Mineral,WV,60,26868,3
54059,Mingo,WV,22,23424,2
54061,Monongalia,WV,368,105612,5
54063,Monroe,WV,15,13275,0
54065,Morgan,WV,21,17884,0
54067,Nicholas,WV,15,24496,1
54069,Ohio,WV,113,41411,1
54071,Pendleton,WV,14,6969,1
54073,Pleasants,WV,5,7460,0
54075,Pocahontas,WV,37,8247,0
54077,Preston,WV,90,33432,2
54079,Putnam,WV,72,56450,0
54081,Raleigh,WV,64,73361,0
54083,Randolph,WV,171,28695,0
54085,Ritchie,WV,2,9554,0
54087,Roane,WV,11,13688,1
54089,Summers,WV,2,12573,0
54091,Taylor,WV,19,16695,0
54093,Tucker,WV,6,6839,0
54095,Tyler,WV,6,8591,0
54097,Upshur,WV,22,24176,0
54099,Wayne,WV,120,39402,9
54101,Webster,WV,1,8114,0
54103,Wetzel,WV,25,15065,0
54105,Wirt,WV,5,5821,0
54107,Wood,WV,147,83518,2
54109,Wyoming,WV,8,20394,0
55001,Adams,WI,35,20220,2
55003,Ashland,WI,3,15562,0
55005,Barron,WI,37,45244,1
55007,Bayfield,WI,4,15036,1
55009,Brown,WI,3087,264542,42
55011,Buffalo,WI,10,13031,2
55013,Burnett,WI,5,15414,1
55015,Calumet,WI,127,50089,2
55017,Chippewa,WI,124,64658,0
55019,Clark,WI,88,34774,7
55021,Columbia,WI,105,57532,1
55023,Crawford,WI,44,16131,0
55025,Dane,WI,2587,546695,32
55027,Dodge,WI,488,87839,5
55029,Door,WI,50,27668,3
55031,Douglas,WI,47,43150,0
55033,Dunn,WI,48,45368,0
55035,Eau Claire,WI,307,104646,1
55037,Florence,WI,4,4295,0
55039,Fond du Lac,WI,347,103403,6
55041,Forest,WI,41,9004,3
55043,Grant,WI,180,51439,13
55045,Green,WI,101,36960,1
55047,Green Lake,WI,41,18913,0
55049,Iowa,WI,38,23678,0
55051,Iron,WI,8,5687,1
55053,Jackson,WI,31,20643,1
55055,Jefferson,WI,303,84769,4
55057,Juneau,WI,44,26687,1
55059,Kenosha,WI,1628,169561,44
55061,Kewaunee,WI,67,20434,1
55063,La Crosse,WI,540,118016,0
55065,Lafayette,WI,76,16665,0
55067,Langlade,WI,11,19189,1
55069,Lincoln,WI,18,27593,0
55071,Manitowoc,WI,128,78981,1
55073,Marathon,WI,233,135692,1
55075,Marinette,WI,73,40350,3
55077,Marquette,WI,35,15574,1
55078,Menominee,WI,9,4556,0
55079,Milwaukee,WI,12728,945726,397
55081,Monroe,WI,103,46253,1
55083,Oconto,WI,69,37930,0
55085,Oneida,WI,22,35595,0
55087,Outagamie,WI,581,187885,9
55089,Ozaukee,WI,275,89221,15
55091,Pepin,WI,2,7287,0
55093,Pierce,WI,80,42754,0
55095,Polk,WI,63,43783,2
55097,Portage,WI,204,70772,0
55099,Price,WI,2,13351,0
55101,Racine,WI,2272,196311,65
55103,Richland,WI,15,17252,4
55105,Rock,WI,964,163354,24
55107,Rusk,WI,11,14178,1
55109,St. Croix,WI,238,90687,1
55111,Sauk,WI,130,64442,3
55113,Sawyer,WI,14,16558,0
55115,Shawano,WI,87,40899,0
55117,Sheboygan,WI,255,115340,4
55119,Taylor,WI,17,20343,0
55121,Trempealeau,WI,158,29649,0
55123,Vernon,WI,39,30822,0
55125,Vilas,WI,14,22195,0
55127,Walworth,WI,713,103868,18
55129,Washburn,WI,5,15720,0
55131,Washington,WI,451,136034,17
55133,Waukesha,WI,1483,404198,39
55135,Waupaca,WI,152,50990,11
55137,Waushara,WI,36,24443,0
55139,Winnebago,WI,726,171907,13
55141,Wood,WI,93,72999,1
56001,Albany,WY,45,38880,0
56003,Big Horn,WY,25,11790,0
56005,Campbell,WY,75,46341,0
56007,Carbon,WY,29,14800,1
56009,Converse,WY,27,13822,0
56011,Crook,WY,7,7584,0
56013,Fremont,WY,373,39261,9
56015,Goshen,WY,9,13211,0
56017,Hot Springs,WY,12,4413,0
56019,Johnson,WY,20,8445,1
56021,Laramie,WY,302,99500,3
56023,Lincoln,WY,37,19830,0
56025,Natrona,WY,155,79858,1
56027,Niobrara,WY,2,2356,0
56029,Park,WY,76,29194,0
56031,Platte,WY,4,8393,0
56033,Sheridan,WY,27,30485,0
56035,Sublette,WY,6,9831,0
56037,Sweetwater,WY,124,42343,0
56039,Teton,WY,149,23464,1
56041,Uinta,WY,192,20226,0
56043,Washakie,WY,43,7805,5
56045,Weston,WY,1,6927,0
